InfraredT,H,RollAngle,PitchingAngle,HeadingAngle,GPS,LowSpeed,A_10,A_10_2,A_30,A_30_2,A_30_10,A_30_MAX,A_80,A_80_2,A_80_10,A_100,A_100_2,A_100_10,A_1_2_T,A_30_T,A_80_T,A_100_T,A_10_T,A_1_5_H,A_30_H,A_80_H,A_100_H
25.2,599.82,0.905273,-1.163104,-56.843143,-59.071949,20.917,2.2,2.3,2.9,3.2,3.4,3.4,3.3,3.9,4,3.6,4,4.1,24.2,24.2,23.6,23.4,24.2,84,83,84,95
25.5,599.82,0.905273,-1.163104,-56.843143,-59.071949,20.917,2.1,2.2,3.3,3.3,3.3,3.4,3.8,3.7,3.9,3.9,3.8,4,24.2,24.2,23.7,23.6,24.2,84,83,84,95
25.5,599.82,0.905273,-1.163104,-56.843143,-59.071949,20.917,2.9,2.6,2.7,3.3,3.3,3.4,3.8,3.8,3.9,4.2,4.1,4,24.2,24.2,23.6,23.5,24.2,84,83,84,95
25.5,599.82,0.905273,-1.163104,-56.843143,-59.071949,20.917,2.5,2.4,2.8,3.1,3.3,3.4,3.8,3.8,3.9,3.9,3.9,4,24.2,24.2,23.6,23.5,24.2,84,83,84,95
25.5,599.82,0.905273,-1.163104,-56.843143,-59.071949,20.917,2.3,2.4,3.2,3.2,3.3,3.4,4.7,4.1,4,4.7,4.2,4.1,24.2,24.2,23.6,23.4,24.2,84,83,84,95
25.5,599.83,0.756304,-2.016811,-56.023813,-58.418777,20.74,2.2,2.3,3.2,3.3,3.3,3.4,4,4.2,4,3.8,4.2,4.1,24.2,24.2,23.6,23.5,24.2,84,83,84,94
25.2,599.83,0.756304,-2.016811,-56.023813,-58.418777,20.74,2,2.5,3.4,3.3,3.3,3.4,4.5,4.3,4.1,4.7,4.4,4.2,24.2,24.2,23.6,23.5,24.2,84,83,84,95
25.2,599.82,0.905273,-1.163104,-56.843143,-59.071949,20.917,2.6,2.5,2.7,3.3,3.3,3.4,3.9,4.2,4.1,4,4.3,4.2,24.2,24.2,23.6,23.5,24.2,85,83,84,94
25.2,599.83,0.756304,-2.016811,-56.023813,-58.418777,20.74,2.5,2.4,3.7,3.3,3.3,3.4,4.4,4.2,4.1,4.5,4.4,4.2,24.2,24.1,23.6,23.5,24.2,85,83,84,94
25,599.83,0.756304,-2.016811,-56.023813,-58.418777,20.74,3,2.6,2.4,3.3,3.3,3.4,3.8,4.1,4.1,4.6,4.3,4.2,24.2,24.1,23.7,23.5,24.2,85,83,84,94
25.1,599.83,0.756304,-2.016811,-56.023813,-58.418777,20.74,2.9,2.6,3.5,3.3,3.3,3.4,4.3,3.9,4.1,4.1,4.2,4.2,24.2,24.1,23.7,23.5,24.2,85,83,84,95
26.6,599.82,0.905273,-1.163104,-56.843143,-59.071949,20.917,2,2.6,2.6,3.1,3.3,3.4,4,4.1,4.1,3.9,4.2,4.2,24.2,24.2,23.7,23.5,24.2,85,83,84,95
25,599.82,0.905273,-1.163104,-56.843143,-59.071949,20.917,2.6,2.4,3.1,3.2,3.3,3.4,3.5,3.9,4,3.4,4,4.1,24.2,24.2,23.7,23.6,24.2,85,83,84,95
26.6,599.98,0.120321,-1.231859,-56.155594,-58.206782,20.892,2.9,2.7,3.1,3.3,3.3,3.4,3.9,3.9,4,3.8,4.1,4.2,24.2,24.2,23.6,23.5,24.2,85,83,85,95
25.2,599.98,0.120321,-1.231859,-56.155594,-58.206782,20.892,2.4,2.6,2.6,3,3.2,3.4,3.9,4,4,4.1,4.1,4.2,24.2,24.2,23.6,23.5,24.2,85,83,84,95
26.6,599.98,0.120321,-1.231859,-56.155594,-58.206782,20.892,2.2,2.5,3,3,3.2,3.4,3.7,3.9,4,3.9,4,4.1,24.2,24.1,23.6,23.5,24.2,85,83,85,96
25.2,599.74,0.561499,-0.974028,-56.218619,-58.23543,20.972,2.8,2.5,3,3.1,3.2,3.4,3.9,3.9,4,4.2,4,4.1,24.2,24.1,23.6,23.5,24.2,85,83,85,96
26.6,599.74,0.561499,-0.974028,-56.218619,-58.23543,20.972,1.8,2.2,2.7,2.7,3.1,3.4,4.5,4.1,4,4.8,4.3,4.2,24.2,24.1,23.6,23.4,24.2,85,83,85,95
26.5,599.74,0.561499,-0.974028,-56.218619,-58.23543,20.972,2.2,2.2,3.3,2.9,3,3.4,3.9,4.1,4,3.6,4.2,4.2,24.2,24.1,23.7,23.5,24.2,85,84,85,96
26.5,599.74,0.561499,-0.974028,-56.218619,-58.23543,20.972,2.3,2.3,2.5,3,3.1,3.4,3.6,3.8,4,3.9,3.8,4.1,24.2,24.2,23.7,23.5,24.2,85,84,85,96
26.5,599.82,0.905273,-1.163104,-56.843143,-59.071949,20.917,2.3,2.5,3.3,3.2,3.1,3.4,3.7,3.9,3.9,3.5,3.8,4,24.2,24.2,23.7,23.5,24.2,85,84,85,96
26.5,599.82,0.905273,-1.163104,-56.843143,-59.071949,20.917,2.5,2.6,2.8,2.9,3.1,3.4,3,3.7,3.9,3.4,3.6,3.9,24.2,24.2,23.7,23.5,24.2,85,84,86,97
26.5,599.82,0.905273,-1.163104,-56.843143,-59.071949,20.917,1.8,2.3,3.3,2.9,3,3.4,3.8,3.8,3.9,3.4,3.6,3.9,24.2,24.1,23.6,23.5,24.2,85,84,86,96
26.5,599.82,0.905273,-1.163104,-56.843143,-59.071949,20.917,2.4,2.2,3.1,2.8,3,3.4,3.5,3.6,3.8,3.7,3.5,3.8,24.2,24.1,23.6,23.5,24.2,85,84,86,97
26.5,599.83,0.756304,-2.016811,-56.023813,-58.418777,20.74,2,2.3,3.2,2.9,3,3.4,3.9,3.7,3.8,4.1,3.8,3.8,24.2,24.1,23.6,23.4,24.2,85,84,86,97
26.5,599.83,0.756304,-2.016811,-56.023813,-58.418777,20.74,2.7,2.2,2.4,2.8,2.9,3.4,4.5,4,3.9,3.8,4.1,3.9,24.2,24.1,23.5,23.3,24.2,85,84,85,96
26.5,599.8,0.721927,-1.598552,-55.513881,-58.435966,20.781,2,2.1,3.6,3.1,3,3.4,3.8,4,3.9,4.3,4.1,3.9,24.2,24.1,23.5,23.4,24.2,85,84,85,95
26.5,599.8,0.721927,-1.598552,-55.513881,-58.435966,20.781,2.5,2.4,3.3,3.3,3.1,3.4,3.9,4,3.9,3.8,4,4,24.2,24.1,23.6,23.4,24.2,85,84,85,95
26.5,599.75,0.95684,-1.392287,-55.324805,-58.327104,20.778,1.7,2,3,3.1,3,3.4,4.4,4.1,4,4.5,4.3,4,24.2,24.1,23.6,23.4,24.2,85,84,85,95
26.5,599.75,0.95684,-1.392287,-55.324805,-58.327104,20.778,2.2,2.1,3.2,3.1,3,3.4,3.6,4.1,4,3.9,4.3,4.1,24.2,24.1,23.6,23.4,24.2,85,84,85,94
26.6,599.89,0.492744,-1.953786,-55.244591,-58.91152,20.921,2.1,2.1,3.1,3.2,3.1,3.4,3.6,3.8,3.9,3.5,3.9,4,24.2,24.1,23.7,23.6,24.2,85,84,85,95
26.6,599.89,0.492744,-1.953786,-55.244591,-58.91152,20.921,2.3,2.1,3.1,3,3.1,3.4,3.8,3.8,3.9,4.4,3.9,4,24.2,24.1,23.6,23.5,24.2,85,84,85,96
26.6,599.89,0.492744,-1.953786,-55.244591,-58.91152,20.921,1.7,2,2.7,2.9,3,3.4,3.7,3.9,3.9,3.6,3.9,4,24.2,24.1,23.6,23.5,24.2,85,84,85,96
26.6,599.88,0.630254,-1.312073,-55.806089,-59.450101,20.781,2.3,2,2.6,2.7,2.9,3.4,3.3,3.6,3.9,4.1,4,4,24.2,24.1,23.6,23.5,24.2,85,84,85,95
26.6,599.89,1.730333,-1.49542,-53.411126,-56.997841,20.787,2.4,2.2,2.8,2.8,2.9,3.4,3.9,3.7,3.8,3.7,4,4,24.2,24.1,23.6,23.5,24.2,85,84,85,95
26.6,599.89,1.730333,-1.49542,-53.411126,-56.997841,20.787,2.5,2.3,2.9,2.9,2.9,3.4,3.7,3.7,3.8,4.4,4.1,4,24.2,24.1,23.6,23.4,24.2,85,84,85,95
26.6,599.92,0.613065,-1.695955,-54.138782,-58.304185,20.798,2,2.2,3,2.8,2.9,3.4,4.4,4,3.9,4.1,4.2,4.1,24.2,24.1,23.6,23.5,24.2,85,84,84,94
26.6,599.92,0.613065,-1.695955,-54.138782,-58.304185,20.798,2.1,2.1,2.8,2.9,2.9,3.4,4,4,3.9,4.2,4.2,4.1,24.2,24.2,23.7,23.5,24.2,85,84,84,94
26.6,599.93,0.458366,-1.214671,-55.25605,-59.209459,21.086,2,2.2,2.6,2.8,2.9,3.4,4.2,3.9,3.9,4.1,4.1,4.1,24.2,24.2,23.7,23.6,24.2,85,84,84,94
26.8,599.93,0.458366,-1.214671,-55.25605,-59.209459,21.086,2,2.2,3.2,2.9,2.9,3.4,3.6,3.8,3.9,3.7,4,4.1,24.2,24.1,23.7,23.6,24.2,85,84,85,95
26.8,600.01,1.787628,-1.518338,-53.875221,-58.120839,21.143,2.4,2.3,3.2,3,2.9,3.4,3.6,3.9,3.9,4.3,4.2,4.1,24.2,24.2,23.7,23.6,24.2,86,84,85,95
26.8,600.01,1.787628,-1.518338,-53.875221,-58.120839,21.143,1.7,2.1,2.9,2.9,2.9,3.4,3.9,4,3.9,4.1,4.3,4.2,24.2,24.2,23.6,23.5,24.2,86,84,85,94
26.8,600.07,0.670361,-1.524068,-54.562771,-58.550557,21.303,2.3,2.3,3.4,3.1,3,3.4,4,4,3.9,3.8,4.1,4.1,24.2,24.1,23.6,23.6,24.2,86,84,84,95
27,600.07,0.670361,-1.524068,-54.562771,-58.550557,21.303,1.9,2.2,2.9,3,3,3.4,3.3,3.8,3.9,3.5,4,4.1,24.2,24.1,23.7,23.6,24.2,86,84,84,95
27,599.99,0.378152,-1.174563,-54.041379,-57.885926,20.976,2.1,2,2.7,2.9,3,3.4,4.1,4,3.9,4.3,4.2,4.1,24.2,24.1,23.7,23.5,24.2,86,84,85,95
27,599.99,0.378152,-1.174563,-54.041379,-57.885926,20.976,1.8,2.1,3.1,2.9,2.9,3.4,3.5,3.9,3.9,4.2,4.3,4.2,24.2,24.1,23.7,23.5,24.2,86,84,85,95
25.3,600.02,-0.366693,-1.610011,-54.511205,-58.453154,21.49,2.5,2.4,2.6,2.8,2.9,3.4,3.4,3.5,3.8,3.6,3.8,4.1,24.2,24.1,23.8,23.7,24.2,86,84,85,96
27.1,600.02,-0.366693,-1.610011,-54.511205,-58.453154,21.49,2.1,2.2,3.2,2.9,2.9,3.4,3.5,3.6,3.8,4,3.9,4,24.2,24.2,23.7,23.5,24.2,86,84,85,96
27.1,600.02,-0.366693,-1.610011,-54.511205,-58.453154,21.49,2.1,2.1,2.6,2.7,2.9,3.4,3.6,3.5,3.7,3.9,3.8,4,24.2,24.2,23.7,23.6,24.2,86,84,85,96
25.3,599.89,3.890383,-1.63293,116.178652,119.811205,25.854,2.1,2,2.6,2.7,2.8,3.4,3.7,3.7,3.7,3.7,3.8,3.9,24.2,24.2,23.6,23.5,24.2,86,85,85,96
27.1,599.89,3.890383,-1.63293,116.178652,119.811205,25.854,1.6,1.8,2.6,2.6,2.8,3.4,3.4,3.6,3.7,3.8,3.7,3.9,24.2,24.1,23.6,23.5,24.2,86,85,85,96
27.2,599.89,3.890383,-1.63293,116.178652,119.811205,25.854,1.7,1.7,2.4,2.5,2.7,3.4,3.7,3.6,3.7,3.6,3.7,3.9,24.2,24.1,23.7,23.6,24.2,86,85,85,96
27.2,599.89,3.890383,-1.63293,116.178652,119.811205,25.854,1.9,1.9,3.4,2.8,2.7,3.4,3.6,3.5,3.7,3.5,3.8,3.9,24.2,24.1,23.7,23.5,24.2,86,85,86,96
27.1,599.97,1.037054,-1.340721,119.404405,122.154602,26.348,1.7,1.9,2.4,2.7,2.7,3.4,3.4,3.4,3.6,3.4,3.6,3.8,24.2,24.1,23.6,23.5,24.2,86,85,86,96
27.1,599.97,1.037054,-1.340721,119.404405,122.154602,26.348,2,1.8,3,2.7,2.7,3.4,3.6,3.5,3.6,4,3.7,3.8,24.2,24.1,23.6,23.5,24.1,86,85,86,96
27.2,599.97,1.037054,-1.340721,119.404405,122.154602,26.348,1.9,1.9,2.3,2.7,2.7,3.4,3.9,3.6,3.6,3.8,3.7,3.8,24.2,24.1,23.6,23.6,24.1,86,85,86,96
27.2,599.9,2.864789,-1.059972,120.263841,121.850934,26.521,1.7,1.8,2.3,2.6,2.7,3.4,3.5,3.6,3.6,3.6,3.6,3.7,24.2,24.1,23.6,23.5,24.2,86,85,86,96
27.2,599.9,2.864789,-1.059972,120.263841,121.850934,26.521,2.2,2.1,2.8,2.9,2.8,3.4,3.4,3.6,3.6,3.1,3.6,3.7,24.2,24.1,23.7,23.5,24.2,86,85,85,96
27.2,599.79,1.065701,-1.329262,121.358191,122.463999,26.422,2.2,2.2,2.7,2.7,2.8,3.4,4.2,3.5,3.6,3.3,3.5,3.7,24.2,24.1,23.6,23.5,24.2,86,85,86,96
27.2,599.79,1.065701,-1.329262,121.358191,122.463999,26.422,2.5,2.3,2.9,2.8,2.8,3.4,3.7,3.7,3.6,3.4,3.5,3.6,24.2,24.1,23.6,23.5,24.2,86,85,86,96
24.9,599.79,1.065701,-1.329262,121.358191,122.463999,26.422,2.6,2.2,3,2.9,2.8,2.8,4,3.7,3.6,3.8,3.7,3.7,24.2,24.1,23.6,23.5,24.2,87,85,86,96
24.9,599.79,1.065701,-1.329262,121.358191,122.463999,26.422,2.2,2.4,2.4,2.8,2.8,2.8,3.7,3.6,3.6,3.8,3.7,3.7,24.2,24.1,23.7,23.5,24.2,87,85,86,96
24.9,599.96,1.6272,-1.781899,121.621751,122.188979,26.33,2.1,2.2,2.8,2.6,2.7,2.8,3.3,3.5,3.6,3.4,3.6,3.6,24.2,24.2,23.7,23.5,24.2,87,85,86,97
24.8,599.96,1.6272,-1.781899,121.621751,122.188979,26.33,2,2.1,2.4,2.5,2.7,2.8,3.5,3.4,3.5,3.4,3.5,3.6,24.2,24.2,23.7,23.6,24.2,87,86,86,97
24.8,599.96,1.6272,-1.781899,121.621751,122.188979,26.33,2,2,2.4,2.4,2.6,2.8,3.6,3.7,3.6,3.7,3.7,3.6,24.2,24.2,23.6,23.5,24.2,87,86,87,98
24.9,600.16,0.53858,-1.799087,121.249329,121.552996,26.413,1.9,1.9,2.4,2.2,2.5,2.8,3.7,3.6,3.6,4.1,3.6,3.6,24.2,24.1,23.6,23.5,24.2,87,86,87,97
24.8,600.16,0.53858,-1.799087,121.249329,121.552996,26.413,1.9,1.9,2.3,2.4,2.5,2.8,3.3,3.5,3.6,3.7,3.7,3.6,24.2,24.2,23.6,23.4,24.2,87,86,87,97
24.8,600.16,0.53858,-1.799087,121.249329,121.552996,26.413,2,1.8,2.5,2.3,2.5,2.8,3.5,3.4,3.5,3.5,3.6,3.6,24.2,24.1,23.6,23.5,24.2,87,86,87,97
24.8,600.16,0.53858,-1.799087,121.249329,121.552996,26.413,2.4,2.1,2.7,2.6,2.5,2.8,3.6,3.5,3.5,3.9,3.6,3.6,24.2,24.1,23.6,23.5,24.1,87,86,87,97
24.8,600,2.314749,-1.214671,122.252005,122.383785,26.649,2.5,2.3,2.9,2.8,2.6,2.8,3.8,3.6,3.5,3.8,3.7,3.7,24.2,24.1,23.6,23.5,24.1,87,86,87,97
24.9,600,2.314749,-1.214671,122.252005,122.383785,26.649,2,2.2,3.2,2.8,2.6,2.8,3.8,3.7,3.6,3.9,3.8,3.7,24.2,24.1,23.5,23.4,24.1,88,86,87,97
24.9,600,2.314749,-1.214671,122.252005,122.383785,26.649,2.8,2.4,3.3,2.9,2.7,2.8,3.8,3.8,3.6,3.9,3.9,3.7,24.2,24.1,23.6,23.5,24.1,88,86,86,96
24.8,599.97,0.825059,-1.037054,120.344055,120.710748,26.773,2.3,2.4,3.1,2.9,2.7,2.8,4,3.8,3.7,3.9,3.8,3.7,24.2,24.1,23.6,23.6,24.1,88,86,87,97
24.6,599.97,0.825059,-1.037054,120.344055,120.710748,26.773,2.4,2.5,2.8,3,2.8,2.8,3.7,3.8,3.7,4,3.9,3.8,24.2,24.1,23.6,23.5,24.1,88,86,87,97
24.9,599.97,0.825059,-1.037054,120.344055,120.710748,26.773,2.2,2.3,2.8,2.9,2.8,2.8,4.2,3.9,3.7,4.2,4.1,3.8,24.2,24.1,23.5,23.3,24.1,88,86,87,96
24.6,600.1,-0.206265,-1.587093,121.9025,122.097306,26.476,2.9,2.6,3.1,3,2.9,2.9,4,4,3.8,4.1,4.1,3.9,24.2,24.1,23.5,23.4,24.1,88,86,86,95
24.9,600.1,-0.206265,-1.587093,121.9025,122.097306,26.476,2.4,2.4,3.1,3.1,2.9,2.9,4.3,4,3.8,4.3,4.2,3.9,24.2,24.1,23.6,23.5,24.1,88,86,86,95
24.6,600.1,-0.206265,-1.587093,121.9025,122.097306,26.476,2.4,2.5,2.8,3,2.9,2.9,4,4.1,3.9,4.3,4.2,4,24.2,24.1,23.6,23.6,24.1,88,86,86,96
24.9,599.8,1.403747,-1.174563,122.211898,122.171791,26.417,2.5,2.5,3.4,3.1,3,3,4,4.1,3.9,4.5,4.4,4.1,24.2,24.1,23.6,23.4,24.1,88,86,86,96
24.7,599.8,1.403747,-1.174563,122.211898,122.171791,26.417,2.8,2.6,3.4,3.2,3,3,4.4,4.2,4,4.3,4.3,4.1,24.2,24.1,23.5,23.5,24.1,88,86,86,95
24.8,599.8,1.403747,-1.174563,122.211898,122.171791,26.417,3.4,2.8,3.7,3.4,3.1,3.1,4.5,4.2,4,4.3,4.4,4.2,24.2,24,23.6,23.5,24.1,88,86,86,95
24.7,600.05,1.707414,-1.317803,121.873853,121.667588,26.04,3.2,2.9,3.9,3.6,3.2,3.2,4.4,4.2,4.1,4.7,4.5,4.2,24.2,24,23.6,23.5,24.1,88,86,86,95
24.8,600.05,1.707414,-1.317803,121.873853,121.667588,26.04,2.6,2.9,3.3,3.6,3.3,3.3,4.7,4.5,4.2,4.9,4.7,4.3,24.1,24,23.6,23.5,24.1,88,86,86,94
24.7,600.05,1.707414,-1.317803,121.873853,121.667588,26.04,2.9,3,3.8,3.7,3.4,3.4,4.4,4.5,4.2,4.6,4.7,4.4,24.1,24,23.6,23.6,24.1,88,86,85,94
24.8,599.94,2.400693,-1.512609,120.985768,121.318084,26.404,2.5,2.9,2.9,3.5,3.4,3.4,4.5,4.5,4.3,4.4,4.5,4.4,24.1,24.1,23.7,23.6,24.1,88,86,86,95
24.6,599.94,2.400693,-1.512609,120.985768,121.318084,26.404,3.1,2.7,3.6,3.3,3.3,3.4,4.6,4.6,4.3,4.9,4.6,4.4,24.1,24.1,23.7,23.6,24.1,88,86,86,95
24.8,599.94,2.400693,-1.512609,120.985768,121.318084,26.404,3.2,3.1,3.7,3.7,3.4,3.4,4.5,4.6,4.4,4.8,4.7,4.5,24.1,24.1,23.6,23.5,24.1,88,86,86,95
24.6,599.94,2.400693,-1.512609,120.985768,121.318084,26.404,3,2.9,3.4,3.5,3.4,3.5,4.9,4.7,4.4,5,4.8,4.6,24.1,24.1,23.6,23.5,24.1,88,86,86,95
24.9,600.02,1.180293,-1.810547,121.300895,121.63894,26.308,2.7,3,3.5,3.5,3.5,3.5,4.8,4.7,4.5,5,4.9,4.6,24.1,24.1,23.6,23.5,24.1,88,86,85,94
24.7,600.02,1.180293,-1.810547,121.300895,121.63894,26.308,3,2.9,4,3.7,3.5,3.5,4.7,4.7,4.5,4.6,4.8,4.7,24.1,24.1,23.6,23.6,24.1,88,86,85,94
24.9,600.02,1.180293,-1.810547,121.300895,121.63894,26.308,3,2.8,3,3.5,3.5,3.6,4.5,4.7,4.6,4.6,4.7,4.7,24.1,24.1,23.7,23.6,24.1,88,86,86,96
24.7,599.88,1.08289,-1.35218,119.971633,121.008686,26.574,2.8,3,3.4,3.7,3.6,3.6,4.2,4.5,4.5,4.6,4.7,4.7,24.1,24.1,23.6,23.5,24.1,88,86,86,96
25.6,599.88,1.08289,-1.35218,119.971633,121.008686,26.574,2.2,2.7,3,3.4,3.5,3.6,4.1,4.4,4.5,4.5,4.6,4.6,24.1,24.1,23.6,23.5,24.1,88,86,86,95
24.9,599.88,1.08289,-1.35218,119.971633,121.008686,26.574,2.6,2.6,3.4,3.3,3.5,3.6,3.9,4.2,4.4,4.2,4.3,4.6,24.1,24.1,23.6,23.5,24.1,88,86,86,95
24.6,600.12,-1.885031,-1.690225,119.879959,120.842529,26.401,2.5,2.6,2.7,3.1,3.4,3.6,3.9,4.1,4.4,4.3,4.3,4.5,24.1,24.1,23.6,23.5,24.1,88,86,86,95
25.6,600.12,-1.885031,-1.690225,119.879959,120.842529,26.401,2.4,2.4,3.5,3.3,3.4,3.6,4.4,4.2,4.3,4.6,4.4,4.5,24.1,24.1,23.6,23.5,24.1,88,86,86,95
24.9,600.12,-1.885031,-1.690225,119.879959,120.842529,26.401,2.7,2.6,3.5,3.2,3.3,3.6,4.4,4.4,4.4,4.6,4.5,4.5,24.1,24.1,23.6,23.5,24.1,88,86,85,95
24.6,600.12,-1.885031,-1.690225,119.879959,120.842529,26.401,2.3,2.7,3.5,3.5,3.4,3.6,4.5,4.5,4.4,4.7,4.6,4.5,24.1,24.1,23.6,23.6,24.1,88,86,86,95
25.6,599.71,0.097403,-1.35218,-55.021137,-60.384022,20.946,2.5,2.7,3.4,3.5,3.4,3.6,4,4.4,4.4,4.5,4.5,4.5,24.1,24.1,23.6,23.6,24.1,88,86,86,96
24.8,599.71,0.097403,-1.35218,-55.021137,-60.384022,20.946,2.7,2.7,2.9,3.2,3.3,3.6,4.3,4.3,4.4,4.7,4.5,4.5,24.1,24.1,23.6,23.5,24.1,88,86,86,96
24.6,599.75,2.217347,-1.420935,-54.1617,-58.676608,20.821,2.4,2.5,2.7,3,3.3,3.6,4.1,4.2,4.3,4.3,4.4,4.5,24.1,24.1,23.6,23.5,24.1,88,86,86,96
25.6,599.75,2.217347,-1.420935,-54.1617,-58.676608,20.821,2,2.3,2.8,3,3.2,3.6,3.9,4.2,4.3,4.6,4.5,4.5,24.1,24.1,23.6,23.4,24.1,88,86,86,96
24.9,599.75,2.217347,-1.420935,-54.1617,-58.676608,20.821,2.4,2.3,2.3,2.8,3.1,3.6,4,4.1,4.3,4.4,4.4,4.5,24.1,24.1,23.5,23.5,24.1,88,86,86,95
24.6,600.03,0.80787,-1.575634,-54.602878,-59.020382,21.093,2.3,2.2,2.5,2.7,3,3.6,3.4,3.9,4.2,4.6,4.2,4.4,24.1,24.1,23.6,23.6,24.1,88,86,86,96
25.6,600.03,0.80787,-1.575634,-54.602878,-59.020382,21.093,2.5,2.3,2.7,2.7,3,3.6,3.7,3.9,4.1,4,4.1,4.3,24.1,24.1,23.7,23.5,24.1,88,86,86,97
24.9,600.03,0.80787,-1.575634,-54.602878,-59.020382,21.093,2.4,2.4,3.1,2.8,2.9,3.6,3.8,3.9,4.1,4.5,4.3,4.3,24.1,24.1,23.6,23.5,24.1,88,86,86,97
24.7,599.79,0.509932,-0.95111,-53.187672,-57.341616,20.889,1.9,2.2,3.1,2.8,2.9,3.6,4,3.7,4,4.3,4.3,4.3,24.1,24.1,23.6,23.5,24.1,88,86,87,97
25.6,599.79,0.509932,-0.95111,-53.187672,-57.341616,20.889,2.5,2.4,2.9,2.8,2.9,3.6,4.3,3.8,4,4.5,4.3,4.3,24.1,24.1,23.6,23.4,24.1,88,86,87,97
24.9,599.79,0.509932,-0.95111,-53.187672,-57.341616,20.889,2.5,2.5,2.8,2.8,2.9,3.6,3.5,3.7,3.9,3.8,4,4.2,24.1,24.1,23.6,23.5,24.1,88,86,87,97
24.7,599.83,1.380828,-1.2204,-55.147188,-58.567746,20.531,2.2,2.3,2.7,2.7,2.8,3.6,4,3.7,3.9,4.5,4.1,4.2,24.1,24.1,23.6,23.5,24.1,88,86,87,97
25.6,599.83,1.380828,-1.2204,-55.147188,-58.567746,20.531,2.4,2.3,3.3,2.9,2.8,3.6,4.3,4.1,3.9,4.6,4.4,4.3,24.1,24.1,23.4,23.3,24.1,88,86,87,96
24.8,599.83,1.380828,-1.2204,-55.147188,-58.567746,20.531,2.4,2.3,3.1,3,2.9,3.6,4.1,4,3.9,4,4.1,4.2,24.1,24,23.5,23.4,24.1,88,86,86,96
24.6,599.74,1.793358,-1.117268,-54.213267,-58.178135,20.356,2,2.4,3.1,3.2,2.9,3.6,4.1,4,4,4.4,4.2,4.2,24.1,24,23.6,23.5,24.1,88,86,87,97
25.7,599.74,1.793358,-1.117268,-54.213267,-58.178135,20.356,2.1,2.1,2.7,3,2.9,3.6,4.2,4.1,4,4.5,4.4,4.3,24.1,24,23.5,23.3,24.1,88,86,87,96
24.8,600.02,0.297938,-1.63293,-53.726252,-57.708309,20.424,2.2,2.1,3.6,3.1,3,3.6,4.4,4.2,4,4.3,4.3,4.3,24.1,24,23.5,23.5,24.1,88,86,86,96
24.6,600.02,0.297938,-1.63293,-53.726252,-57.708309,20.424,3.1,2.6,3.2,3.3,3,3.6,4,4.1,4.1,4,4.2,4.3,24.1,24,23.5,23.4,24.1,88,86,86,96
25.6,600.02,0.297938,-1.63293,-53.726252,-57.708309,20.424,2.3,2.5,2.6,3,3,3.6,4,4.2,4.1,4.4,4.3,4.3,24.1,24,23.5,23.5,24.1,88,86,86,96
24.9,600,0.658901,-1.008406,-55.977977,-60.962709,20.569,2.8,2.6,2.7,3,3,3.6,3.9,4,4,4.5,4.3,4.3,24.1,24,23.6,23.5,24.1,88,86,87,97
24.6,600,0.658901,-1.008406,-55.977977,-60.962709,20.569,2,2.3,3.2,3,3,3.6,4.1,4.1,4.1,4.4,4.4,4.3,24.1,24,23.5,23.5,24.1,88,86,87,97
25.6,600,0.658901,-1.008406,-55.977977,-60.962709,20.569,2.7,2.3,2.5,2.8,2.9,3.6,4,3.9,4,4,4,4.2,24.1,24,23.6,23.5,24.1,88,86,87,97
24.9,600,0.658901,-1.008406,-55.977977,-60.962709,20.569,2.7,2.3,3.4,3,3,3,3.9,3.8,4,4,4,4.2,24.1,24,23.6,23.5,24.1,88,87,87,98
24.6,599.96,0.080214,-1.695955,-54.127323,-58.957357,20.481,2,2.2,2.5,2.8,2.9,3,4.2,3.8,3.9,4.1,4,4.1,24.1,24,23.6,23.5,24.1,88,87,87,99
25.6,599.96,0.080214,-1.695955,-54.127323,-58.957357,20.481,2.7,2.6,3.4,3.1,3,3,4.2,4.1,4,4.2,4.1,4.1,24.1,24,23.5,23.4,24,88,87,88,99
24.9,599.95,1.36364,-1.134456,-54.631526,-58.579205,20.504,2.9,2.8,3.3,3.3,3,3,4.3,4.2,4,4.5,4.3,4.2,24.1,24,23.4,23.3,24,88,87,88,99
24.6,599.95,1.36364,-1.134456,-54.631526,-58.579205,20.504,3.2,2.9,2.7,2.8,3,3,3.1,3.9,4,4.7,4.4,4.2,24.1,23.9,23.4,23.3,24,88,87,88,99
25.6,599.95,1.36364,-1.134456,-54.631526,-58.579205,20.504,2,2.7,3.3,3.2,3,3,4.2,4,4,4.5,4.5,4.3,24.1,23.9,23.3,23.2,24,88,87,88,99
24.9,600.09,1.409476,-2.429341,-54.155971,-58.533368,20.545,2.7,2.5,2.8,3,3,3,4.1,4,4,4.6,4.5,4.3,24.1,23.9,23.4,23.2,24,88,87,88,98
24.6,600.09,1.409476,-2.429341,-54.155971,-58.533368,20.545,2,2.4,3,3,3,3,3.6,3.8,4,3.8,4.2,4.3,24,23.9,23.4,23.3,24,88,87,88,99
24.9,600.09,1.409476,-2.429341,-54.155971,-58.533368,20.545,2.2,2.3,3,2.9,3,3,4.3,4,4,4.7,4.4,4.3,24,24,23.4,23.3,24,88,87,88,99
24.6,599.95,2.601228,-2.097026,-55.605554,-59.673554,20.7,2.8,2.4,3.5,3.1,3,3,4.1,4.1,4,4.2,4.5,4.4,24,24,23.4,23.3,24,88,87,88,99
25.7,599.95,2.601228,-2.097026,-55.605554,-59.673554,20.7,2.8,2.4,2.7,3.1,3.1,3.1,4.1,3.9,4,4.3,4.4,4.4,24,24,23.5,23.3,24,88,87,88,99
24.9,599.95,-1.409476,-2.034,-53.846574,-57.616636,20.297,2.4,2.4,3,3,3,3.1,3.2,3.8,3.9,3.9,4.4,4.4,24,24,23.4,23.3,24,88,87,88,99
24.6,599.95,-1.409476,-2.034,-53.846574,-57.616636,20.297,1.7,2.3,2.5,2.8,3,3.1,4.3,4,4,4.7,4.4,4.4,24,24,23.4,23.3,24,88,87,88,99
25.7,599.95,-1.409476,-2.034,-53.846574,-57.616636,20.297,2.4,2.5,3.6,3,3,3.1,4.1,4.2,4,4.5,4.6,4.4,24,24,23.4,23.2,24,88,87,88,99
24.9,599.92,0.464096,-1.713144,-55.267509,-58.447425,20.844,2.7,2.5,3.5,3.5,3.1,3.1,4.6,4.3,4.1,4.7,4.6,4.5,24,23.9,23.3,23.2,24,88,87,88,99
24.9,599.92,0.464096,-1.713144,-55.267509,-58.447425,20.844,2.8,2.9,2.8,3.1,3.1,3.1,3.8,4,4,4.6,4.5,4.5,24,23.9,23.4,23.3,24,88,87,88,99
24.6,600.32,0.011459,-2.016811,-55.462315,-59.558963,20.79,2.8,2.8,4,3.4,3.1,3.1,4.6,4.2,4.1,5.1,4.9,4.6,24,23.9,23.3,23,24,88,87,88,98
25.7,600.32,0.011459,-2.016811,-55.462315,-59.558963,20.79,2.3,2.5,3.2,3.2,3.1,3.2,4.6,4.3,4.1,4.6,5,4.7,24,23.9,23.3,23.2,24,88,87,87,97
24.9,600.32,0.011459,-2.016811,-55.462315,-59.558963,20.79,3.5,2.8,2.6,3.2,3.2,3.2,4.7,4.5,4.2,5.1,5,4.7,24,23.9,23.3,23.2,24,88,87,87,97
24.9,600.32,0.011459,-2.016811,-55.462315,-59.558963,20.79,2.8,2.7,3.2,3.4,3.2,3.2,4.9,4.7,4.3,5.3,5.1,4.8,24,23.9,23.3,23.2,24,88,87,87,97
24.6,600.02,1.49542,-2.142862,116.018224,119.74245,26.688,2.8,3,2.7,3.1,3.2,3.2,4.6,4.7,4.4,5.1,5.1,4.8,24,23.9,23.4,23.3,24,88,87,86,96
25.7,600.02,1.49542,-2.142862,116.018224,119.74245,26.688,2.8,2.8,3.6,3.3,3.2,3.2,5,4.8,4.4,5.6,5.3,4.9,24,23.9,23.3,23.2,24,88,87,86,96
24.9,600.14,1.810547,-1.443854,119.410134,121.266517,26.906,1.9,2.6,3.2,3.4,3.2,3.2,3.7,4.6,4.5,4.5,5.1,5,24,23.9,23.4,23.3,24,88,86,86,95
24.9,600.14,1.810547,-1.443854,119.410134,121.266517,26.906,3.2,2.7,2.9,3.4,3.3,3.3,4.9,4.6,4.5,5.4,5,4.9,24,23.9,23.4,23.3,24,88,86,86,96
24.6,600.14,1.810547,-1.443854,119.410134,121.266517,26.906,2.5,2.7,3.6,3.3,3.3,3.3,5.1,4.9,4.6,5.5,5.2,5,24,23.9,23.3,23.2,24,87,86,86,95
25.7,600.05,1.008406,-1.271966,119.593481,120.813881,26.878,3.3,2.7,3.1,3.2,3.2,3.3,4.7,5,4.7,5.2,5.4,5.1,24,23.9,23.4,23.3,24,87,86,85,93
24.9,600.05,1.008406,-1.271966,119.593481,120.813881,26.878,3.2,3,3.9,3.4,3.3,3.3,4.4,4.5,4.6,4.8,5.1,5.1,24,23.9,23.5,23.5,24,87,86,85,93
24.9,600.05,1.008406,-1.271966,119.593481,120.813881,26.878,2.8,2.8,3.9,3.6,3.4,3.4,5,4.8,4.7,5.4,5.3,5.1,24,23.9,23.4,23.4,24,87,86,85,92
24.7,599.97,0.790682,-1.707414,121.163385,121.936878,26.87,3.5,3,3.9,3.7,3.4,3.4,4.9,4.9,4.7,5.7,5.4,5.2,24,23.9,23.4,23.5,24,87,85,84,92
25.7,599.97,0.790682,-1.707414,121.163385,121.936878,26.87,3.4,3.3,3.6,4,3.6,3.6,5.4,5.1,4.8,5.8,5.7,5.3,24,23.9,23.5,23.5,24,87,85,84,92
24.9,599.97,0.790682,-1.707414,121.163385,121.936878,26.87,3.3,3.3,4.4,3.7,3.6,3.6,5.4,5.3,4.9,5.9,5.7,5.4,24,24,23.6,23.5,24,87,85,83,91
24.9,599.81,1.455313,-1.346451,121.220681,121.512889,26.427,3.9,3.6,4.9,4.2,3.7,3.7,5.4,5.4,5,6,5.9,5.5,24,23.9,23.5,23.5,24,87,85,83,89
24.7,599.81,1.455313,-1.346451,121.220681,121.512889,26.427,4.3,4,4.4,4.4,3.9,3.9,5.6,5.5,5.1,6,5.9,5.6,24,23.9,23.6,23.5,24,86,84,83,89
25.7,599.81,1.455313,-1.346451,121.220681,121.512889,26.427,3.1,3.6,3.3,4.1,3.9,3.9,5.2,5.5,5.2,5.9,5.9,5.6,24,24,23.6,23.6,24.1,86,84,82,89
24.9,600.06,1.019865,-1.163104,121.616022,121.386838,26.765,3.7,3.6,4.1,4.2,4,4,5.3,5.4,5.2,5.8,5.8,5.7,24,24,23.6,23.6,24.1,86,84,82,89
24.9,600.06,1.019865,-1.163104,121.616022,121.386838,26.765,3.5,3.5,4.5,4.3,4,4,5.4,5.5,5.3,5.7,5.8,5.7,24,24,23.6,23.6,24.1,86,84,82,88
24.6,600.06,1.019865,-1.163104,121.616022,121.386838,26.765,4,3.6,4.7,4.4,4.1,4.1,5.5,5.4,5.3,6.1,5.8,5.7,24,24,23.7,23.7,24.1,86,84,81,89
25.7,600.11,1.816276,-1.524068,121.587374,121.134737,26.941,3.9,3.7,4.4,4.4,4.2,4.2,5.7,5.6,5.4,6.2,6,5.8,24,24,23.7,23.7,24.1,86,83,81,89
24.9,600.11,1.816276,-1.524068,121.587374,121.134737,26.941,3.7,3.8,3.5,4.3,4.2,4.2,5.5,5.5,5.4,5.6,5.9,5.8,24,24,23.7,23.7,24.1,86,83,81,89
24.9,600.11,1.816276,-1.524068,121.587374,121.134737,26.941,3.1,3.3,3.7,3.8,4.1,4.2,5.3,5.4,5.4,6,6,5.8,24,24.1,23.7,23.6,24.1,86,83,82,89
25.7,600.05,3.208564,-0.784952,120.716478,120.384162,26.941,3.3,3.3,3.5,3.9,4,4.2,4.7,5.3,5.4,5.7,6,5.9,24,24.1,23.6,23.7,24.1,86,83,82,89
24.6,600.05,3.208564,-0.784952,120.716478,120.384162,26.941,3.4,3.3,2.9,3.5,3.9,4.2,5.6,5.4,5.4,6.2,6.1,5.9,24,24.1,23.6,23.7,24.1,86,83,82,89
25.7,600.05,3.208564,-0.784952,120.716478,120.384162,26.941,3,3.4,3.3,3.5,3.9,4.2,5.7,5.4,5.4,6.4,6.1,5.9,24,24.1,23.6,23.6,24.1,86,83,82,90
24.9,599.84,2.463719,-1.174563,122.44681,121.9025,26.977,3.5,3.2,4.3,3.7,3.8,4.2,4.6,5.4,5.4,6.3,6.2,6,24,24.1,23.6,23.6,24.1,86,83,82,87
24.9,599.84,2.463719,-1.174563,122.44681,121.9025,26.977,3.2,3.1,4.1,3.9,3.9,4.2,5.5,5.4,5.4,6,6.1,6,24,24.1,23.6,23.7,24.1,86,84,82,88
24.9,599.84,2.463719,-1.174563,122.44681,121.9025,26.977,3,3,3.4,3.9,3.9,4.2,4.9,5.2,5.3,5.8,6,6,24,24.1,23.7,23.7,24.1,86,84,82,87
24.6,599.84,2.463719,-1.174563,122.44681,121.9025,26.977,3.8,3.2,4,4,3.9,4.2,5.1,5.1,5.3,5.6,5.8,5.9,24,24,23.7,23.8,24.1,86,84,82,86
25.6,599.99,0.217724,-1.598552,122.824963,122.441081,26.653,2.3,2.9,3.6,3.8,3.9,4.2,4.8,5,5.2,5.7,5.6,5.9,24.1,24.1,23.7,23.8,24.1,86,83,82,88
25.7,599.99,0.217724,-1.598552,122.824963,122.441081,26.653,2.8,2.9,3.7,3.4,3.7,4.2,5.2,4.8,5.1,5.7,5.4,5.8,24.1,24.1,23.7,23.7,24.1,85,84,83,89
24.9,599.99,0.217724,-1.598552,122.824963,122.441081,26.653,2.8,3.1,3.3,3.3,3.6,4.2,4.8,4.8,5.1,5.8,5.6,5.7,24.1,24.1,23.6,23.7,24.1,86,84,82,88
24.9,599.97,1.546986,-1.822006,123.088523,122.704641,26.181,2.9,2.9,3.2,3.3,3.6,4.2,5,4.7,5,5.3,5.5,5.7,24.1,24.1,23.7,23.7,24.1,86,84,83,90
24.9,599.97,1.546986,-1.822006,123.088523,122.704641,26.181,3.6,3.4,4,4,3.7,4.2,4.7,4.8,5,5.7,5.6,5.7,24.1,24.1,23.7,23.7,24.1,86,84,83,90
25.7,599.97,1.546986,-1.822006,123.088523,122.704641,26.181,2.9,3.3,3.9,4,3.8,4.2,4.9,4.9,5,5.4,5.6,5.7,24.1,24.1,23.7,23.7,24.1,85,84,83,90
24.6,600.02,-0.263561,-2.320479,121.117548,121.22641,26.433,2.8,3.3,3.8,3.9,3.8,4.2,5.2,5.1,5,5.6,5.6,5.7,24.1,24.1,23.6,23.7,24.2,85,84,83,89
25.6,600.02,-0.263561,-2.320479,121.117548,121.22641,26.433,3.5,3.4,4.7,4.2,3.9,4.2,5.3,5.1,5,5.6,5.6,5.6,24.1,24.1,23.6,23.6,24.2,86,84,83,89
24.9,600.02,-0.263561,-2.320479,121.117548,121.22641,26.433,3,3.4,2.9,3.9,3.9,4.2,5.1,5.1,5,5.5,5.5,5.6,24.1,24.1,23.6,23.6,24.1,86,83,82,89
24.9,600.26,-2.480907,-1.695955,119.937255,121.054523,26.243,2.8,2.9,3.4,3.7,3.8,4.2,4.7,4.8,5,5.1,5.4,5.6,24.1,24.1,23.7,23.8,24.2,85,83,82,89
24.9,600.26,-2.480907,-1.695955,119.937255,121.054523,26.243,3.5,3.1,3.8,3.8,3.8,4.2,4.9,4.8,4.9,5.4,5.4,5.5,24.1,24.1,23.7,23.6,24.2,86,84,83,90
24.7,600.26,-2.480907,-1.695955,119.937255,121.054523,26.243,4,3.4,3.7,4,3.9,4.2,4.5,4.8,4.9,5.5,5.5,5.5,24.1,24.1,23.7,23.6,24.1,85,83,83,89
25.6,599.94,1.031324,-1.203211,119.215328,120.985768,26.151,3.2,3.1,2.5,3.4,3.8,4.2,5,4.6,4.8,5.5,5.5,5.5,24.1,24.1,23.7,23.7,24.2,85,83,83,89
24.9,599.94,1.031324,-1.203211,119.215328,120.985768,26.151,3.9,3.3,4.8,3.8,3.8,3.8,5.2,5,4.9,5.8,5.5,5.5,24.1,24.1,23.6,23.6,24.2,85,83,83,88
25.7,599.94,1.031324,-1.203211,119.215328,120.985768,26.151,2.9,3.3,3.2,3.4,3.7,3.8,4.5,4.9,4.9,5.3,5.5,5.5,24.1,24.1,23.7,23.8,24.2,85,83,82,88
24.9,599.94,2.899166,-1.243318,119.364297,121.249329,25.835,3.1,3.2,3.5,3.7,3.7,3.8,5.1,4.8,4.9,5.4,5.3,5.4,24.1,24.1,23.7,23.8,24.2,85,83,83,90
24.9,599.94,2.899166,-1.243318,119.364297,121.249329,25.835,3.5,3.2,4.2,4.1,3.8,3.8,4.8,4.8,4.9,5.3,5.4,5.4,24.1,24.1,23.7,23.8,24.2,85,83,82,89
24.6,599.83,0.527121,-1.850654,-52.13343,-57.805712,21.286,3,3.2,4.2,3.8,3.8,3.8,5.2,5.1,4.9,5.5,5.5,5.5,24.1,24.1,23.6,23.6,24.2,85,83,82,87
25,599.83,0.527121,-1.850654,-52.13343,-57.805712,21.286,3.1,3.4,4.1,3.6,3.7,3.8,5.2,5.2,5,5.6,5.6,5.5,24.1,24.1,23.7,23.7,24.2,85,83,81,86
25.7,599.83,0.527121,-1.850654,-52.13343,-57.805712,21.286,3.8,3.4,4.3,3.7,3.7,3.8,5.2,5,5,5.6,5.6,5.5,24.1,24.1,23.7,23.8,24.2,85,83,82,85
25.6,599.83,0.527121,-1.850654,-52.13343,-57.805712,21.286,4.4,3.5,4,4,3.8,3.8,5.1,5.1,5,5.5,5.6,5.5,24.1,24.1,23.7,23.9,24.2,85,83,81,86
24.9,599.77,-2.755927,-1.478231,-51.932895,-57.055137,21.154,3.6,3.9,3.3,4,3.9,3.9,5.1,5.2,5,5.3,5.6,5.5,24.1,24.1,23.8,23.9,24.2,85,83,81,86
24.9,599.77,-2.755927,-1.478231,-51.932895,-57.055137,21.154,3,3.4,4.3,4,3.9,3.9,5.3,5.1,5,5.8,5.7,5.6,24.1,24.1,23.8,23.9,24.2,85,83,82,87
24.6,600,0.555769,-1.48969,-51.084917,-56.252996,20.898,3.3,3.5,3.7,4.3,4,4,5.3,5.2,5.1,5.8,5.7,5.6,24.1,24.1,23.8,23.9,24.2,85,83,82,87
24.6,600,0.555769,-1.48969,-51.084917,-56.252996,20.898,2.4,3.2,3.7,3.9,3.9,4,5.2,5.2,5.1,5.2,5.6,5.6,24.1,24.1,23.7,23.9,24.2,85,83,82,87
25.7,600,0.555769,-1.48969,-51.084917,-56.252996,20.898,4,3.4,4,4.2,4,4,5.1,5.2,5.1,5.7,5.6,5.6,24.1,24.1,23.7,23.8,24.2,85,83,82,89
25.6,600,0.555769,-1.48969,-51.084917,-56.252996,20.898,3.3,3.3,3.7,4,4,4,5.3,5.2,5.1,5.7,5.7,5.6,24.1,24.1,23.7,23.8,24.2,85,83,82,87
25,600.1,-0.595876,-1.793358,-54.385154,-59.020382,21.024,2.5,3.2,4.2,4,4,4,5,5,5.1,5.3,5.4,5.6,24.1,24.1,23.7,23.9,24.2,85,83,82,88
24.9,600.1,-0.595876,-1.793358,-54.385154,-59.020382,21.024,3.8,3.4,3,3.9,4,4,5,5,5.1,5.5,5.4,5.6,24.1,24.1,23.7,23.8,24.2,85,83,82,89
24.9,599.78,0.739116,-1.799087,-54.499745,-59.232377,21.061,2.6,3,3.5,3.8,3.9,4,4.8,5,5.1,5.5,5.5,5.6,24.1,24.1,23.7,23.8,24.2,85,83,82,88
25.7,599.78,0.739116,-1.799087,-54.499745,-59.232377,21.061,3,2.9,3.6,3.7,3.9,4,5.3,5.1,5.1,5.5,5.5,5.6,24.1,24.1,23.7,23.8,24.2,85,83,82,89
24.6,599.78,0.739116,-1.799087,-54.499745,-59.232377,21.061,3.2,3,4.1,4,3.9,4,4.6,5,5.1,5.5,5.6,5.6,24.1,24.1,23.7,23.8,24.2,85,83,82,88
24.6,599.88,0.865166,-1.140186,-55.141458,-60.160568,20.884,3.6,3.3,4.6,4,3.9,4,5,4.9,5,5.1,5.4,5.5,24.1,24.1,23.7,23.8,24.2,85,83,82,89
25.6,599.88,0.865166,-1.140186,-55.141458,-60.160568,20.884,3.3,3.4,3.8,3.9,3.9,4,4.6,4.7,4.9,5.7,5.4,5.5,24.1,24.1,23.7,23.7,24.2,84,82,82,90
25,600.08,0.326586,-1.059972,-53.840844,-58.269808,20.545,2.3,2.9,2.6,3.3,3.8,4,4.6,4.7,4.9,5.4,5.6,5.5,24.1,24.2,23.7,23.7,24.2,84,82,82,89
24.9,600.08,0.326586,-1.059972,-53.840844,-58.269808,20.545,2.5,2.4,2.5,3.1,3.6,4,4.9,4.7,4.9,5.6,5.6,5.6,24.1,24.2,23.7,23.7,24.2,84,82,82,88
24.9,600.08,0.326586,-1.059972,-53.840844,-58.269808,20.545,2.3,2.1,2.9,3,3.5,4,4.6,4.8,4.9,5.3,5.4,5.5,24.1,24.1,23.7,23.8,24.2,85,83,81,88
24.7,600.08,0.326586,-1.059972,-53.840844,-58.269808,20.545,2.1,1.9,2.4,2.7,3.3,4,4.7,4.7,4.8,5.3,5.4,5.5,24.1,24.1,23.7,23.8,24.2,85,83,81,88
24.6,599.95,0.54431,-1.323533,-56.052461,-60.063166,20.809,2.2,2.3,2.5,2.8,3.2,4,4.9,4.7,4.8,5.2,5.3,5.5,24.1,24.1,23.7,23.8,24.1,85,83,81,87
25.6,599.95,0.54431,-1.323533,-56.052461,-60.063166,20.809,2.1,2.2,2.3,2.6,3.1,4,4.5,4.6,4.7,5.1,5.1,5.4,24.1,24.1,23.8,23.9,24.1,85,83,81,87
25.7,599.95,0.54431,-1.323533,-56.052461,-60.063166,20.809,2.4,2.3,2.7,2.6,3,4,4.5,4.5,4.7,5,5,5.3,24.1,24.1,23.8,23.9,24.2,85,82,81,87
25,599.9,1.266237,-0.744845,-52.987137,-57.398912,20.785,1.8,2.1,3.1,2.8,3,4,4.6,4.5,4.7,5.1,4.9,5.2,24.1,24.1,23.8,23.8,24.1,84,83,81,88
24.9,599.9,1.266237,-0.744845,-52.987137,-57.398912,20.785,2,2,2.8,2.7,2.9,4,4.4,4.4,4.6,5,4.9,5.2,24.1,24.1,23.8,23.8,24.1,84,83,81,88
24.9,599.9,1.266237,-0.744845,-52.987137,-57.398912,20.785,1.8,1.9,2,2.6,2.9,4,4.5,4.4,4.6,4.6,4.8,5.1,24.1,24.1,23.8,23.8,24.1,85,83,81,88
25.7,599.91,-0.097403,-0.509932,-55.152917,-59.255295,20.712,1.7,1.7,2.4,2.4,2.7,4,4.2,4.2,4.5,4.5,4.6,5,24.1,24.1,23.8,23.8,24.1,85,83,81,90
24.6,599.91,-0.097403,-0.509932,-55.152917,-59.255295,20.712,1.8,1.7,2.7,2.5,2.7,4,4,4.1,4.4,4.5,4.6,4.9,24.1,24.1,23.7,23.7,24.1,85,83,81,90
24.6,599.91,-0.097403,-0.509932,-55.152917,-59.255295,20.712,1.7,1.8,2.1,2.2,2.6,4,3.6,3.9,4.3,4.3,4.5,4.8,24.1,24.1,23.7,23.6,24.1,85,83,81,90
25.6,600.01,2.904896,-0.641713,-54.900816,-58.945898,20.923,1.7,1.7,1.8,2,2.5,4,4.1,3.9,4.2,4.5,4.4,4.7,24.1,24.1,23.7,23.6,24.1,85,83,81,90
25,600.01,2.904896,-0.641713,-54.900816,-58.945898,20.923,1.4,1.6,2.1,1.9,2.3,4,4.1,4,4.2,4.6,4.5,4.7,24.1,24.1,23.7,23.6,24.1,85,83,81,90
24.9,600.01,2.904896,-0.641713,-54.900816,-58.945898,20.923,1.4,1.6,2,2.1,2.3,4,3.9,3.9,4.1,4.1,4.4,4.6,24.1,24.1,23.7,23.6,24.1,85,83,81,89
24.9,599.92,5.334237,-0.584417,-53.451233,-57.536422,20.993,1.5,1.5,2.4,2.2,2.3,4,3.9,3.9,4.1,4.6,4.3,4.5,24.1,24.1,23.8,23.6,24.1,85,83,81,90
25.7,599.92,5.334237,-0.584417,-53.451233,-57.536422,20.993,2.1,1.8,2.3,2.2,2.3,4,3.9,3.7,4,4.3,4.3,4.5,24.1,24.1,23.7,23.7,24.1,85,83,81,88
24.6,599.92,5.334237,-0.584417,-53.451233,-57.536422,20.993,1.3,1.7,2.1,2.3,2.3,4,3.7,3.9,4,4.3,4.4,4.5,24,24.1,23.6,23.6,24.1,85,83,80,88
24.6,599.92,3.770062,-1.271966,115.972387,120.01174,25.972,1.5,1.5,1.9,2.1,2.2,4,3.7,3.7,4,3.9,4.2,4.4,24,24.1,23.8,23.7,24.1,85,82,80,88
25,599.92,3.770062,-1.271966,115.972387,120.01174,25.972,1.6,1.5,2.3,2.1,2.2,4,3.8,3.8,3.9,4.1,4.1,4.4,24,24.1,23.7,23.7,24.1,85,82,80,88
24.9,599.92,3.770062,-1.271966,115.972387,120.01174,25.972,1.7,1.5,2.7,2.4,2.3,4,3.8,3.7,3.9,4.3,4.2,4.3,24,24,23.8,23.7,24.1,85,82,81,88
24.9,600.03,0.034377,-0.94538,118.447565,120.200816,26.169,2.5,2,2.5,2.4,2.3,4,3.8,3.8,3.9,4.4,4.3,4.3,24,24.1,23.7,23.7,24.1,85,82,80,88
24.6,600.03,0.034377,-0.94538,118.447565,120.200816,26.169,1.6,1.9,1.9,2.3,2.3,4,3.6,3.7,3.8,4,4.2,4.3,24,24.1,23.7,23.7,24.1,85,82,81,88
24.6,600.03,0.034377,-0.94538,118.447565,120.200816,26.169,1.6,1.7,1.8,2.3,2.3,4,3.4,3.7,3.8,4,4.2,4.3,24,24.1,23.7,23.7,24.1,85,82,81,89
25,600.03,0.034377,-0.94538,118.447565,120.200816,26.169,1.5,1.5,2.5,2.3,2.3,4,3.8,3.6,3.7,3.9,4.1,4.3,24,24.1,23.7,23.7,24.1,85,82,81,89
25.7,600.07,0.515662,-1.420935,122.492647,122.933825,26.341,1.7,1.5,2.3,2.3,2.3,4,3.1,3.3,3.6,3.9,4,4.2,24,24.1,23.7,23.7,24.1,85,82,81,90
24.9,600.07,0.515662,-1.420935,122.492647,122.933825,26.341,1.6,1.6,2.2,2.2,2.2,4,3.8,3.4,3.6,4.3,4,4.1,24,24.1,23.7,23.6,24.1,85,82,81,90
24.9,600.07,0.515662,-1.420935,122.492647,122.933825,26.341,1.5,1.5,2,2.2,2.3,4,3.7,3.6,3.6,3.9,3.9,4.1,24,24,23.7,23.6,24.1,85,82,81,89
24.6,600.02,0.779223,-1.518338,122.807774,122.630157,26.125,1.6,1.3,2.5,2.1,2.2,4,3.5,3.7,3.7,3.9,4,4.1,24,24,23.7,23.7,24,85,82,81,90
24.6,600.02,0.779223,-1.518338,122.807774,122.630157,26.125,1.3,1.4,2.3,2.3,2.2,4,3.4,3.5,3.6,4.3,4,4.1,23.9,24,23.7,23.6,24,85,82,81,90
25.7,600.02,0.779223,-1.518338,122.807774,122.630157,26.125,1.5,1.5,2.6,2.4,2.3,4,3.8,3.6,3.6,3.9,4.1,4.1,23.9,24,23.7,23.6,24,85,82,81,90
24.9,600.02,0.779223,-1.518338,122.807774,122.630157,26.125,1.4,1.6,2.2,2.5,2.3,4,3.6,3.6,3.6,4.2,4.1,4.1,23.9,24,23.7,23.6,24,85,82,81,90
24.9,600.12,1.409476,-0.95684,121.134737,121.0889,26.137,1.2,1.4,1.7,2.1,2.3,4,3.8,3.6,3.6,4.1,4.1,4.1,23.9,24.1,23.7,23.6,24,85,82,81,90
24.9,600.12,1.409476,-0.95684,121.134737,121.0889,26.137,1.2,1.3,1.9,1.9,2.2,4,3.4,3.5,3.6,4.3,4.2,4.1,23.9,24.1,23.7,23.6,24,85,82,81,90
24.6,600.12,1.409476,-0.95684,121.134737,121.0889,26.137,1.2,1.2,1.9,1.9,2.1,4,3.5,3.4,3.5,3.7,4,4.1,23.9,24.1,23.7,23.7,24,85,82,81,90
25.7,600.12,1.409476,-0.95684,121.134737,121.0889,26.137,1.2,1.2,1.6,1.9,2.1,4,3.2,3.4,3.5,3.4,3.7,4,23.9,24,23.7,23.6,23.9,85,82,82,91
24.6,600.1,-0.509932,-1.581364,122.04001,122.022822,26.282,1.3,1.3,2.1,1.9,2.1,4,3,3.2,3.4,4.2,3.7,3.9,23.8,24,23.7,23.6,23.9,85,82,82,92
25.6,600.1,-0.509932,-1.581364,122.04001,122.022822,26.282,1.2,1.2,2,2,2,4,3.1,3.2,3.4,2.9,3.6,3.9,23.8,24,23.6,23.6,23.9,85,82,82,91
24.9,600.1,-0.509932,-1.581364,122.04001,122.022822,26.282,1.4,1.2,1.6,1.7,2,2,3.2,3.1,3.3,3.6,3.5,3.8,23.8,24,23.7,23.6,23.9,85,82,82,92
24.9,600.02,-2.767386,-1.455313,120.716478,121.896771,25.882,1.3,1.3,1.8,1.6,1.9,2,3,3.2,3.3,3.3,3.6,3.7,23.8,24,23.6,23.5,23.9,86,82,82,91
24.9,600.02,-2.767386,-1.455313,120.716478,121.896771,25.882,1.3,1.3,1.5,1.6,1.8,2,2.9,3,3.2,3.4,3.3,3.6,23.8,24,23.6,23.5,23.9,86,82,82,91
25.7,600.02,-2.767386,-1.455313,120.716478,121.896771,25.882,1.1,1.2,1.5,1.6,1.8,2,2.9,2.8,3.2,3.3,3.3,3.6,23.8,24,23.6,23.5,23.9,86,82,82,91
24.6,599.88,2.085566,-1.271966,119.965903,121.289436,25.869,1.1,1.2,1.3,1.5,1.7,2,2.8,2.8,3.1,3.1,3.2,3.5,23.8,24,23.6,23.5,23.9,86,82,82,91
24.6,599.88,2.085566,-1.271966,119.965903,121.289436,25.869,1.3,1.2,1.4,1.4,1.7,2,2.1,2.5,3,2.8,2.9,3.4,23.8,24,23.6,23.6,23.9,86,83,82,92
25.6,599.88,2.085566,-1.271966,119.965903,121.289436,25.869,1.3,1.2,1.2,1.3,1.6,2,2.1,2.2,2.8,2.6,2.7,3.2,23.8,24,23.6,23.6,23.9,86,83,82,92
24.9,600.05,1.426665,-1.214671,120.985768,122.630157,25.609,1.1,1.2,1.3,1.3,1.5,2,2.4,2.1,2.7,2.5,2.5,3.1,23.7,24,23.6,23.6,23.9,86,83,83,92
24.9,600.05,1.426665,-1.214671,120.985768,122.630157,25.609,1.2,1.2,1.7,1.5,1.5,2,2.6,2.3,2.6,3,2.9,3.1,23.7,24,23.6,23.5,23.9,86,83,83,92
24.9,600.05,1.426665,-1.214671,120.985768,122.630157,25.609,1.4,1.3,1.8,1.7,1.6,2,2.3,2.4,2.6,2.9,3,3.1,23.7,24,23.6,23.5,23.9,86,83,83,92
24.6,599.99,3.042406,-1.426665,121.730613,122.630157,25.432,1.5,1.4,1.8,1.7,1.6,2,2.2,2.4,2.5,2.2,2.6,3,23.7,24,23.6,23.6,23.9,87,83,83,92
25.6,599.99,3.042406,-1.426665,121.730613,122.630157,25.432,1.4,1.4,1.8,1.7,1.6,2,2.3,2.3,2.5,2.5,2.7,2.9,23.7,24,23.6,23.6,23.9,87,83,83,93
25.7,599.99,3.042406,-1.426665,121.730613,122.630157,25.432,1.5,1.4,1.9,1.7,1.6,2,2.5,2.4,2.5,2.7,2.7,2.9,23.7,24,23.6,23.5,23.9,87,83,83,93
24.6,600.02,0.635983,-1.214671,118.596534,120.303948,25.524,1.7,1.5,1.7,1.7,1.7,2,2.5,2.5,2.5,2.5,2.7,2.8,23.7,24,23.6,23.5,23.9,87,83,83,93
25,600.02,0.635983,-1.214671,118.596534,120.303948,25.524,1.5,1.5,1.9,1.8,1.7,2,2.4,2.4,2.5,2.4,2.5,2.8,23.7,24,23.6,23.5,23.9,87,83,83,93
24.9,600.02,0.635983,-1.214671,118.596534,120.303948,25.524,1.4,1.4,1.8,1.8,1.7,2,2.1,2.3,2.4,2.6,2.5,2.7,23.7,24,23.6,23.5,23.9,87,83,83,93
24.9,600.09,1.323533,-1.483961,119.249706,121.489971,25.465,1.3,1.4,1.9,1.8,1.7,2,2.1,2.2,2.4,2.3,2.4,2.7,23.7,24,23.6,23.5,23.9,87,83,83,94
25.7,600.09,1.323533,-1.483961,119.249706,121.489971,25.465,1.3,1.3,1.7,1.8,1.7,2,2.3,2.2,2.4,2.2,2.5,2.6,23.8,24,23.6,23.5,23.9,87,83,84,94
24.6,600.09,1.323533,-1.483961,119.249706,121.489971,25.465,1.2,1.3,1.8,1.8,1.7,2,2.5,2.3,2.4,2.5,2.5,2.6,23.8,24,23.6,23.4,23.9,87,83,84,93
24.6,600.09,1.323533,-1.483961,119.249706,121.489971,25.465,1.2,1.2,1.7,1.8,1.8,2,2.4,2.4,2.4,2.5,2.4,2.6,23.8,24,23.6,23.5,23.9,87,83,83,93
25.6,599.89,-1.346451,-1.203211,-53.21632,-59.375616,21.579,1.1,1.1,1.9,1.9,1.8,2,2.3,2.2,2.3,2.1,2.4,2.5,23.8,24,23.6,23.5,23.9,87,83,83,94
25,599.89,-1.346451,-1.203211,-53.21632,-59.375616,21.579,1.1,1.2,1.7,1.8,1.8,2,2.3,2.2,2.3,2.5,2.4,2.5,23.8,24,23.6,23.5,23.9,87,83,83,94
24.9,599.89,-1.346451,-1.203211,-53.21632,-59.375616,21.579,1.6,1.4,2.2,1.9,1.8,2,2.1,2.2,2.3,2.2,2.3,2.5,23.8,24,23.6,23.5,23.9,87,83,84,93
24.9,599.89,-1.346451,-1.203211,-53.21632,-59.375616,21.579,1.6,1.5,1.6,1.8,1.8,2,2.2,2.2,2.3,2.4,2.5,2.5,23.8,24,23.6,23.5,24,87,83,84,93
24.6,599.88,1.420935,-1.885031,-53.519988,-58.882873,21.662,1.6,1.5,2,1.9,1.8,2,2.3,2.1,2.2,2.6,2.5,2.5,23.8,24.1,23.6,23.5,24,87,83,84,93
24.6,599.88,1.420935,-1.885031,-53.519988,-58.882873,21.662,1.5,1.5,1.8,1.9,1.8,2,2.3,2.3,2.2,2.8,2.6,2.5,23.8,24.1,23.6,23.5,24.1,87,83,84,93
25.6,599.88,1.420935,-1.885031,-53.519988,-58.882873,21.662,1.2,1.4,1.5,1.8,1.8,2,2.7,2.4,2.3,2.8,2.7,2.6,23.8,24.1,23.5,23.4,24.1,87,83,83,93
25,600.03,1.117268,-1.610011,-54.282022,-59.702202,21.666,1.3,1.4,1.7,1.7,1.8,2,2.4,2.4,2.3,2.8,2.7,2.6,23.8,24.1,23.6,23.5,24.1,87,83,83,92
25.7,600.03,1.117268,-1.610011,-54.282022,-59.702202,21.666,1.5,1.5,1.6,1.8,1.8,2,2.6,2.5,2.3,2.7,2.7,2.6,23.9,24.1,23.6,23.5,24.1,87,83,83,92
24.9,600.03,1.117268,-1.610011,-54.282022,-59.702202,21.666,1.6,1.5,1.8,1.8,1.8,2,2.6,2.5,2.4,2.8,2.7,2.6,23.9,24.1,23.7,23.6,24.1,86,83,83,93
24.9,600.03,1.117268,-1.610011,-54.282022,-59.702202,21.666,1.8,1.6,2.2,2,1.8,2,2.7,2.6,2.4,3,2.9,2.7,23.9,24.1,23.6,23.5,24.1,86,83,83,92
24.6,600.07,-0.200535,-1.208941,-52.156348,-56.820225,21.425,1.5,1.7,1.8,1.9,1.9,2,2.6,2.6,2.5,2.5,2.8,2.7,23.9,24.1,23.6,23.6,24.1,86,83,83,92
24.6,600.07,-0.200535,-1.208941,-52.156348,-56.820225,21.425,1.2,1.5,1.7,1.8,1.9,2,2.3,2.5,2.5,2.7,2.8,2.7,23.9,24.1,23.7,23.5,24.1,86,83,83,93
25,600.07,-0.200535,-1.208941,-52.156348,-56.820225,21.425,1.5,1.4,1.8,1.8,1.8,2,2.5,2.4,2.4,2.7,2.7,2.7,23.9,24.1,23.7,23.6,24.1,86,83,83,92
25.7,600.1,-0.343775,-1.965245,-53.588743,-58.315644,21.432,1.9,1.7,2.2,1.9,1.9,2,2.5,2.5,2.4,2.5,2.6,2.7,24,24.1,23.6,23.6,24.1,86,83,83,92
24.9,600.1,-0.343775,-1.965245,-53.588743,-58.315644,21.432,1.9,1.8,2.1,2,1.9,2,2.8,2.5,2.5,3,2.8,2.7,24,24.1,23.7,23.5,24.2,86,83,83,93
24.9,599.84,2.142862,-1.713144,-53.76063,-58.430236,21.665,1.8,1.8,2.2,2.1,1.9,2,2.7,2.6,2.5,2.8,2.8,2.7,24,24.2,23.7,23.6,24.2,86,83,83,92
24.6,599.84,2.142862,-1.713144,-53.76063,-58.430236,21.665,1.7,1.8,2,2,2,2,2.7,2.6,2.5,2.8,2.9,2.8,24,24.2,23.7,23.5,24.2,86,83,83,92
24.6,599.84,2.142862,-1.713144,-53.76063,-58.430236,21.665,1.5,1.7,2.1,2,2,2,2.6,2.6,2.5,2.8,2.9,2.8,24,24.2,23.6,23.5,24.2,86,83,83,91
25.7,599.88,2.503826,-1.77044,-52.213644,-57.232754,21.676,1.3,1.5,2,2,2,2,2.5,2.6,2.6,2.9,2.9,2.8,24.1,24.1,23.6,23.5,24.2,86,83,82,91
25.6,599.88,2.503826,-1.77044,-52.213644,-57.232754,21.676,1.6,1.5,1.9,1.9,2,2,2.5,2.6,2.6,2.9,3,2.9,24.1,24.1,23.6,23.5,24.2,85,82,82,90
25,599.88,2.503826,-1.77044,-52.213644,-57.232754,21.676,1.4,1.5,2.3,2,2,2,2.5,2.6,2.6,2.9,2.8,2.8,24.1,24.2,23.7,23.6,24.2,85,82,82,92
24.9,599.61,-3.861736,-1.598552,-56.33321,-59.902737,21.565,1.7,1.5,2.2,2.2,2,2,2.7,2.6,2.6,2.8,2.8,2.8,24.1,24.2,23.7,23.6,24.2,85,82,83,92
24.9,599.61,-3.861736,-1.598552,-56.33321,-59.902737,21.565,1.8,1.6,2.3,2.3,2.1,2.1,2.6,2.6,2.6,2.9,2.9,2.9,24.1,24.2,23.7,23.6,24.2,85,82,83,91
25.7,599.61,-3.861736,-1.598552,-56.33321,-59.902737,21.565,2,1.9,2.1,2.3,2.1,2.1,3,2.8,2.6,3,3,2.9,24.2,24.2,23.6,23.6,24.2,85,82,82,91
24.6,600.03,0.509932,-1.678766,-54.024191,-57.530692,21.431,2,1.9,2.4,2.3,2.2,2.2,2.9,2.9,2.7,3.1,3.1,2.9,24.2,24.2,23.7,23.6,24.3,85,82,82,91
24.6,600.03,0.509932,-1.678766,-54.024191,-57.530692,21.431,1.7,1.9,2.4,2.3,2.2,2.2,3.2,3,2.8,3.2,3.2,3,24.2,24.2,23.7,23.6,24.3,85,82,83,91
25,600.03,0.509932,-1.678766,-54.024191,-57.530692,21.431,1.7,1.8,2.3,2.3,2.2,2.2,2.7,2.9,2.8,3.3,3.2,3,24.2,24.2,23.6,23.6,24.3,85,82,82,90
24.9,599.82,2.818952,-1.690225,-55.359182,-58.458884,21.637,1.8,1.9,2.1,2.2,2.2,2.2,2.8,2.9,2.8,3.1,3.1,3.1,24.2,24.2,23.7,23.6,24.3,85,82,82,91
24.9,599.82,2.818952,-1.690225,-55.359182,-58.458884,21.637,2,1.9,2.3,2.2,2.2,2.2,2.8,2.8,2.8,2.9,3,3,24.3,24.2,23.7,23.6,24.3,85,82,82,91
24.6,599.82,2.818952,-1.690225,-55.359182,-58.458884,21.637,1.8,1.9,2.3,2.3,2.2,2.2,2.7,2.7,2.8,3.3,3.1,3,24.3,24.2,23.7,23.6,24.3,85,82,82,91
24.6,599.82,2.818952,-1.690225,-55.359182,-58.458884,21.637,1.8,1.9,2.2,2.3,2.2,2.2,2.7,2.8,2.8,3,3,3,24.3,24.1,23.6,23.6,24.3,84,82,82,90
25.7,599.99,-0.063025,-1.587093,-52.843897,-57.060867,21.468,1.6,1.8,2,2.1,2.2,2.2,2.8,2.7,2.8,2.9,2.9,3,24.3,24.2,23.7,23.6,24.3,84,82,82,90
25,599.99,-0.063025,-1.587093,-52.843897,-57.060867,21.468,1.5,1.7,1.8,2,2.2,2.2,2.4,2.6,2.7,2.8,2.8,3,24.3,24.2,23.8,23.7,24.3,84,82,82,91
24.9,599.99,-0.063025,-1.587093,-52.843897,-57.060867,21.468,1.8,1.7,2,2,2.1,2.2,2.8,2.6,2.7,3.1,3,3,24.3,24.2,23.7,23.5,24.3,84,82,82,90
24.9,600.09,2.056918,-1.753251,-53.674686,-57.587988,21.483,2,1.8,2.2,2.1,2.1,2.2,2.8,2.6,2.7,3.1,3,3,24.3,24.2,23.7,23.7,24.3,84,82,82,90
25.7,600.09,2.056918,-1.753251,-53.674686,-57.587988,21.483,2.1,2,2.2,2.2,2.1,2.2,2.7,2.7,2.7,3.1,3.1,3,24.4,24.2,23.7,23.6,24.3,84,82,82,90
24.6,600.09,2.056918,-1.753251,-53.674686,-57.587988,21.483,2.1,2.1,2.1,2.2,2.1,2.2,2.6,2.7,2.7,3.2,3.1,3,24.4,24.2,23.8,23.7,24.3,84,82,82,90
24.6,599.92,-1.312073,-0.922462,-52.935571,-56.791577,21.582,2.1,2,2.3,2.3,2.2,2.2,2.6,2.6,2.7,2.8,3,3,24.4,24.2,23.8,23.7,24.3,84,82,83,90
25,599.92,-1.312073,-0.922462,-52.935571,-56.791577,21.582,2.2,2.1,2.1,2.2,2.2,2.2,2.8,2.7,2.7,3.4,3.2,3.1,24.4,24.3,23.7,23.6,24.3,84,82,83,91
24.9,599.92,-1.312073,-0.922462,-52.935571,-56.791577,21.582,2.2,2.2,2.3,2.3,2.2,2.2,2.9,2.8,2.7,3.1,3.3,3.1,24.4,24.2,23.6,23.6,24.3,84,82,82,89
24.9,600.14,3.12262,-1.638659,115.416618,118.946038,25.953,2.3,2.1,2.3,2.3,2.2,2.2,2.9,2.9,2.7,3.3,3.2,3.1,24.4,24.2,23.7,23.7,24.4,84,82,82,91
24.6,600.14,3.12262,-1.638659,115.416618,118.946038,25.953,2.1,2.3,2.6,2.4,2.3,2.3,2.9,2.9,2.8,3.4,3.3,3.2,24.5,24.2,23.7,23.6,24.3,84,82,82,90
24.6,600.14,3.12262,-1.638659,115.416618,118.946038,25.953,2.6,2.3,2.5,2.5,2.3,2.3,3.1,3,2.8,3.6,3.4,3.2,24.5,24.2,23.7,23.6,24.4,84,82,82,90
25.1,599.98,0.578687,-1.6272,118.172545,120.95712,25.959,2.5,2.4,2.7,2.6,2.4,2.4,3.2,3.2,2.9,3.6,3.4,3.3,24.5,24.2,23.7,23.6,24.4,83,82,82,90
25.7,599.98,0.578687,-1.6272,118.172545,120.95712,25.959,2.4,2.4,2.7,2.6,2.4,2.4,3.2,3.2,3,3.5,3.5,3.3,24.5,24.2,23.7,23.7,24.4,83,82,82,90
24.9,599.98,0.578687,-1.6272,118.172545,120.95712,25.959,2.5,2.3,2.6,2.7,2.5,2.5,3,3.2,3,3.5,3.5,3.3,24.5,24.3,23.7,23.6,24.4,83,82,82,91
24.6,599.95,-0.8136,-1.329262,121.621751,122.905177,26.098,2.5,2.4,2.6,2.6,2.5,2.5,3,3.1,3,3.4,3.5,3.4,24.6,24.3,23.7,23.7,24.4,83,82,82,91
24.6,599.95,-0.8136,-1.329262,121.621751,122.905177,26.098,2.3,2.4,2.8,2.7,2.5,2.5,3.2,3.1,3,3.3,3.3,3.3,24.6,24.3,23.8,23.7,24.4,83,82,82,92
25.1,599.95,-0.8136,-1.329262,121.621751,122.905177,26.098,2.4,2.5,2.9,2.8,2.6,2.6,3,3.1,3,3.3,3.3,3.3,24.6,24.3,23.7,23.6,24.4,83,82,82,92
25.7,599.95,-0.8136,-1.329262,121.621751,122.905177,26.098,1.3,2.1,2.1,2.5,2.5,2.6,2.9,3,3,3.1,3.2,3.3,24.6,24.3,23.7,23.7,24.5,83,82,82,91
24.9,599.83,-1.231859,-0.733386,120.6821,121.747802,25.792,2.1,1.9,2.6,2.4,2.5,2.6,2.8,2.9,3,3.2,3.2,3.3,24.6,24.3,23.8,23.7,24.5,83,82,83,93
24.6,599.83,-1.231859,-0.733386,120.6821,121.747802,25.792,2.5,2.3,2.8,2.6,2.5,2.6,3,3,3,3.4,3.2,3.3,24.6,24.3,23.7,23.5,24.5,83,82,83,93
24.6,600.04,0.95684,-1.151645,119.988821,120.727937,25.792,2.6,2.4,1.7,2.3,2.5,2.6,2.7,2.8,3,3,3.1,3.2,24.6,24.3,23.7,23.6,24.5,83,82,83,92
25.7,600.04,0.95684,-1.151645,119.988821,120.727937,25.792,2.3,2.2,2.4,2.3,2.4,2.6,2.6,2.7,2.9,2.9,3.1,3.2,24.7,24.3,23.8,23.6,24.5,83,82,83,93
25.1,600.04,0.95684,-1.151645,119.988821,120.727937,25.792,1.8,2,2.2,2.3,2.4,2.6,2.4,2.4,2.8,2.7,2.8,3.1,24.7,24.3,23.8,23.7,24.5,83,82,84,93
24.9,600.04,0.95684,-1.151645,119.988821,120.727937,25.792,2.3,2,2.2,2.3,2.4,2.6,2.9,2.7,2.8,3.2,2.9,3.1,24.7,24.3,23.7,23.5,24.5,83,82,83,93
25.7,600.1,-0.303668,-1.134456,120.533131,121.048793,25.733,1.3,1.8,2.2,2.3,2.4,2.6,2.7,2.7,2.8,3.2,3.1,3.1,24.7,24.3,23.7,23.5,24.5,83,82,83,92
24.6,600.1,-0.303668,-1.134456,120.533131,121.048793,25.733,1.9,1.9,2.1,1.9,2.3,2.6,2.1,2.3,2.6,2.7,2.8,3,24.7,24.3,23.8,23.7,24.6,83,82,84,93
24.6,600.1,-0.303668,-1.134456,120.533131,121.048793,25.733,2.3,2.1,2.3,1.9,2.2,2.6,2.5,2.3,2.6,3,2.8,3,24.7,24.4,23.7,23.6,24.6,83,82,84,93
25.1,600.1,-0.303668,-1.134456,120.533131,121.048793,25.733,2.6,2.4,2.4,2.2,2.2,2.6,3.1,2.7,2.6,3.3,3.1,3,24.7,24.4,23.6,23.5,24.6,82,82,83,91
24.9,600.05,-0.26929,-1.237589,120.452917,120.922743,25.993,2.5,2.5,2.6,2.3,2.2,2.6,2.9,2.9,2.7,3,3.1,3.1,24.8,24.4,23.7,23.7,24.5,82,82,83,91
24.6,600.05,-0.26929,-1.237589,120.452917,120.922743,25.993,2.1,2.3,1.7,2.1,2.2,2.6,2.5,2.5,2.6,2.9,2.8,3,24.8,24.4,23.8,23.8,24.5,82,82,83,93
24.6,600.05,-0.26929,-1.237589,120.452917,120.922743,25.993,1.7,2.1,2,2.2,2.2,2.6,2.8,2.7,2.7,3.2,3.1,3,24.8,24.4,23.6,23.5,24.6,82,82,83,91
25.7,600.05,-0.26929,-1.237589,120.452917,120.922743,25.993,2.3,2.1,2.4,2.2,2.2,2.6,2.4,2.7,2.7,2.6,3,3,24.8,24.4,23.8,23.7,24.6,83,82,82,91
25.1,600.05,-0.26929,-1.237589,120.452917,120.922743,25.993,2.8,2.4,1.8,2.3,2.2,2.6,2.9,2.7,2.7,3.5,3.2,3.1,24.9,24.4,23.8,23.5,24.6,82,82,83,91
24.9,600.04,0.578687,-1.140186,123.420839,123.850557,25.709,2.5,2.3,2.7,2.3,2.2,2.6,2.4,2.8,2.7,3.1,3.1,3.1,24.9,24.4,23.8,23.7,24.6,82,82,82,89
25.7,600.04,0.578687,-1.140186,123.420839,123.850557,25.709,2.4,2.3,2.5,2.6,2.3,2.6,3.1,2.8,2.7,3.5,3.2,3.1,24.9,24.3,23.6,23.5,24.6,82,81,82,89
24.6,600.04,0.578687,-1.140186,123.420839,123.850557,25.709,1.8,2.3,2.2,2.5,2.3,2.6,2.6,2.7,2.7,3.1,3.2,3.1,24.9,24.3,23.7,23.8,24.6,81,81,81,88
24.6,600.04,0.578687,-1.140186,123.420839,123.850557,25.709,2.5,2.2,2.3,2.2,2.3,2.6,2.8,2.8,2.7,3.3,3.3,3.2,24.9,24.4,23.9,23.6,24.7,81,81,82,88
25.1,600.04,0.578687,-1.140186,123.420839,123.850557,25.709,2.2,2.4,2.5,2.4,2.3,2.6,2.5,2.9,2.8,3.2,3.3,3.2,24.9,24.4,23.7,23.7,24.6,82,81,81,85
24.9,600.16,-1.6272,-1.6272,120.252382,121.656129,26.184,2.4,2.3,1.9,2.2,2.3,2.6,2.5,2.7,2.8,3,3.2,3.2,24.9,24.4,23.8,23.9,24.6,81,81,81,87
25.7,600.16,-1.6272,-1.6272,120.252382,121.656129,26.184,2.5,2.4,2.6,2.3,2.3,2.6,2.6,2.7,2.7,2.8,3.2,3.2,25,24.4,23.8,23.9,24.6,81,81,81,87
24.6,600.16,-1.6272,-1.6272,120.252382,121.656129,26.184,1.9,2.1,1.9,2.2,2.3,2.6,2.9,2.7,2.7,3.1,3,3.1,25,24.4,23.8,23.7,24.6,81,81,82,89
24.6,599.85,-1.2204,-1.300614,121.644669,122.819233,25.45,2.4,2.2,2,2,2.2,2.6,1.8,2.2,2.6,2.1,2.6,3,25,24.4,23.9,24,24.6,81,81,81,89
25.1,599.85,-1.2204,-1.300614,121.644669,122.819233,25.45,2,1.9,2.3,2,2.2,2.6,2.5,2.3,2.6,2.7,2.6,2.9,25,24.4,23.9,23.8,24.6,81,81,82,90
24.9,599.85,-1.2204,-1.300614,121.644669,122.819233,25.45,2.1,2.1,2.6,2.3,2.2,2.6,2.9,2.7,2.6,3,2.9,3,25,24.3,23.7,23.6,24.6,81,80,80,86
24.6,599.85,-1.2204,-1.300614,121.644669,122.819233,25.45,2.2,2.1,2.6,2.4,2.3,2.6,2.8,2.8,2.7,3.1,3,3,25,24.4,23.8,23.8,24.6,80,80,78,85
24.6,599.85,-1.2204,-1.300614,121.644669,122.819233,25.45,1.7,2.1,2.1,2.3,2.3,2.6,2.7,2.9,2.7,3,3,3,25,24.4,23.9,23.9,24.6,80,80,79,87
25,600.06,2.114214,-1.163104,122.544213,123.145819,25.481,2.7,2.1,2.9,2.2,2.2,2.6,3,2.9,2.7,2.8,2.9,3,25,24.5,24,24,24.7,80,80,80,90
25.7,600.06,2.114214,-1.163104,122.544213,123.145819,25.481,2.5,2.4,2.4,2.5,2.3,2.6,3.1,3,2.8,3.6,3.2,3,25,24.4,23.9,23.8,24.6,80,80,80,88
24.9,600.06,2.114214,-1.163104,122.544213,123.145819,25.481,2.7,2.6,2.9,2.6,2.4,2.6,3.1,2.9,2.8,3.5,3.3,3.1,25,24.5,23.9,23.8,24.7,79,79,80,89
24.6,600.06,2.114214,-1.163104,122.544213,123.145819,25.481,2.3,2.5,2.9,2.8,2.5,2.6,3.3,3.2,2.9,3.6,3.5,3.2,25,24.4,23.7,23.7,24.7,80,79,79,85
24.6,600.06,2.114214,-1.163104,122.544213,123.145819,25.481,2.7,2.6,3.1,2.8,2.5,2.6,3.1,3.3,3,3.5,3.6,3.3,25,24.5,23.8,23.8,24.7,79,79,78,84
25.7,599.99,0.716197,-1.111538,121.025875,121.667588,25.647,2.6,2.7,3,2.9,2.6,2.6,3.4,3.3,3,3.4,3.5,3.3,25,24.4,23.8,23.8,24.6,79,80,78,84
25,599.99,0.716197,-1.111538,121.025875,121.667588,25.647,2.5,2.5,2.6,2.8,2.6,2.6,3.4,3.3,3.1,3.4,3.4,3.3,25,24.4,23.9,23.9,24.6,79,79,76,82
24.9,599.99,0.716197,-1.111538,121.025875,121.667588,25.647,2.7,2.5,2.6,2.6,2.6,2.6,2.9,3.1,3.1,3.3,3.5,3.4,25,24.4,24.1,24,24.6,80,79,77,82
25.7,600.12,1.661578,-1.736062,119.776827,121.140467,25.822,2.4,2.5,2.6,2.5,2.6,2.6,2.6,2.9,3,3.3,3.5,3.4,25,24.5,24.1,24.1,24.6,80,80,79,85
24.6,600.12,1.661578,-1.736062,119.776827,121.140467,25.822,3.1,2.7,3.1,2.9,2.7,2.7,3.3,3.1,3.1,3.4,3.2,3.3,25,24.4,23.9,24,24.6,80,80,79,86
24.6,600.12,1.661578,-1.736062,119.776827,121.140467,25.822,2.7,2.8,2.8,2.9,2.7,2.7,3.6,3.4,3.1,3.8,3.6,3.4,25,24.4,23.8,23.8,24.6,79,79,78,84
25,600.12,1.661578,-1.736062,119.776827,121.140467,25.822,2.3,2.5,2.3,2.5,2.7,2.7,3.4,3.2,3.1,3.6,3.5,3.4,25,24.5,23.9,23.9,24.6,79,80,79,83
24.9,600.12,1.661578,-1.736062,119.776827,121.140467,25.822,2.2,2.4,2.8,2.7,2.7,2.7,3,3.3,3.2,3.7,3.6,3.5,25,24.5,24,24,24.6,80,80,78,82
25.7,599.99,-0.223454,-0.985487,-55.227402,-61.260647,21.629,3,2.7,2.8,2.7,2.7,2.7,3.1,3.2,3.2,3.5,3.6,3.5,25,24.5,24,24.1,24.6,80,80,79,84
24.6,599.99,-0.223454,-0.985487,-55.227402,-61.260647,21.629,3.3,3,3.3,2.9,2.7,2.7,2.7,3.2,3.2,3.9,3.7,3.5,25,24.5,23.9,23.9,24.6,80,80,79,83
24.6,599.99,-0.223454,-0.985487,-55.227402,-61.260647,21.629,2.7,2.7,3,2.9,2.7,2.7,2.9,3.1,3.2,3.3,3.7,3.6,25,24.4,24,24.1,24.6,80,80,79,82
25.6,600.04,1.35791,-1.6272,-51.308371,-57.072326,21.787,2.9,2.9,2.8,2.8,2.8,2.8,3.6,3.3,3.2,3.4,3.6,3.6,25,24.5,24,24,24.6,80,80,80,85
25.1,600.04,1.35791,-1.6272,-51.308371,-57.072326,21.787,2.3,2.7,3,2.7,2.7,2.8,3.3,3.2,3.2,3.8,3.7,3.6,25,24.5,23.9,23.9,24.7,81,81,79,81
24.9,600.04,1.35791,-1.6272,-51.308371,-57.072326,21.787,2.7,2.7,2.7,2.8,2.8,2.8,3.6,3.5,3.3,4,3.8,3.6,25,24.5,23.7,23.9,24.7,81,80,78,81
24.6,600.04,1.35791,-1.6272,-51.308371,-57.072326,21.787,2.9,2.5,2.9,2.9,2.8,2.8,2.5,3.2,3.3,3.1,3.6,3.6,25.1,24.5,24,24.2,24.6,80,80,78,84
25.7,600.07,1.140186,-1.787628,-51.783926,-56.911898,21.664,2.7,2.7,2.7,2.9,2.8,2.8,3.2,3.1,3.2,3.5,3.5,3.6,25.1,24.5,23.9,23.9,24.6,80,80,80,87
25.6,600.07,1.140186,-1.787628,-51.783926,-56.911898,21.664,2.7,2.8,2.9,2.9,2.8,2.8,2.9,2.9,3.1,3.5,3.5,3.5,25,24.4,24,24,24.6,80,79,80,86
24.6,600.07,1.140186,-1.787628,-51.783926,-56.911898,21.664,2.7,2.8,2.8,3.1,2.9,2.9,3,2.9,3.1,3.5,3.3,3.5,25,24.4,24,23.9,24.6,79,80,81,89
25.1,600.07,1.140186,-1.787628,-51.783926,-56.911898,21.664,2,2.3,2.2,2.6,2.8,2.9,2.9,3,3.1,3.4,3.4,3.5,25,24.5,23.8,23.7,24.7,80,80,79,83
24.9,600.07,1.140186,-1.787628,-51.783926,-56.911898,21.664,1.7,2.1,2.3,2.6,2.8,2.9,3,3,3.1,3.1,3.2,3.4,25,24.4,23.8,23.9,24.7,80,80,79,83
25.7,600.07,1.140186,-1.787628,-51.783926,-56.911898,21.664,2,2.2,2.3,2.6,2.8,2.9,2.6,2.9,3,2.9,3,3.3,25,24.4,23.9,24,24.7,79,79,79,86
24.5,599.87,2.30902,-1.317803,-53.949706,-58.670878,21.648,2.4,2.5,2.7,2.7,2.8,2.9,2.7,3,3,3.1,3.2,3.3,25.1,24.5,23.9,23.9,24.7,79,80,79,86
24.6,599.87,2.30902,-1.317803,-53.949706,-58.670878,21.648,2.6,2.5,2.5,2.6,2.7,2.9,2.5,2.9,3,2.5,3.1,3.3,25.1,24.5,24,24,24.7,79,80,79,87
25.1,599.87,2.30902,-1.317803,-53.949706,-58.670878,21.648,2.7,2.6,2.8,2.7,2.7,2.9,2.4,2.6,2.9,2,2.6,3.1,25.1,24.5,24.1,24.1,24.7,79,80,81,89
25.6,599.87,2.30902,-1.317803,-53.949706,-58.670878,21.648,2.6,2.7,2.1,2.5,2.7,2.9,2.4,2.5,2.8,3.2,2.8,3,25.1,24.5,23.9,23.8,24.6,79,79,81,89
24.9,599.87,2.30902,-1.317803,-53.949706,-58.670878,21.648,2.6,2.4,2.4,2.4,2.6,2.9,2.1,2.5,2.8,2.3,2.6,3,25.1,24.5,24,24,24.7,79,80,80,88
24.5,600.04,0.280749,-1.885031,-53.153295,-58.092191,21.52,2,2.3,2.2,2.4,2.6,2.9,2.8,2.4,2.7,3.2,2.7,2.9,25.1,24.5,23.9,23.7,24.7,79,80,81,89
24.6,600.04,0.280749,-1.885031,-53.153295,-58.092191,21.52,2.1,2.1,2.4,2.2,2.5,2.9,2.5,2.5,2.7,2.8,2.8,2.9,25.1,24.5,23.9,23.7,24.7,79,79,80,85
25.1,600.04,0.280749,-1.885031,-53.153295,-58.092191,21.52,2.5,2.2,2.5,2.5,2.5,2.9,3,2.8,2.7,2.8,2.9,2.9,25.1,24.3,23.7,23.9,24.6,79,78,77,85
25.6,600.04,0.280749,-1.885031,-53.153295,-58.092191,21.52,1.7,2.1,2.2,2.2,2.4,2.9,2.1,2.5,2.6,2.9,2.6,2.8,25.1,24.5,24,24,24.7,77,78,78,87
25.5,599.92,1.392287,-1.621471,-56.705633,-61.054383,21.375,2.6,2.3,2.4,2.3,2.4,2.9,2.8,2.4,2.6,2.9,2.7,2.8,25.1,24.6,24,23.9,24.7,77,78,79,87
24.9,599.92,1.392287,-1.621471,-56.705633,-61.054383,21.375,2.2,2.3,2.3,2.2,2.4,2.9,2.3,2.5,2.6,2.3,2.7,2.8,25.1,24.6,24.1,24,24.8,78,78,79,87
24.5,599.92,1.392287,-1.621471,-56.705633,-61.054383,21.375,2.2,2.2,2.6,2.4,2.4,2.9,3,2.7,2.6,2.9,2.6,2.7,25.2,24.6,23.9,23.9,24.8,78,78,79,89
24.6,599.98,-3.013758,-1.575634,-57.857278,-61.518478,21.59,2.5,2.2,2.1,2.3,2.4,2.9,2.4,2.7,2.6,2.9,2.8,2.7,25.2,24.6,24,24,24.9,78,77,77,86
25.7,599.98,-3.013758,-1.575634,-57.857278,-61.518478,21.59,2,2.2,2.2,2.2,2.3,2.9,1.9,2.6,2.6,2.6,2.7,2.7,25.3,24.7,24.1,24,24.9,77,77,78,86
25.1,599.98,-3.013758,-1.575634,-57.857278,-61.518478,21.59,2,2.2,2.4,2.3,2.3,2.9,2.8,2.6,2.6,2.8,2.5,2.7,25.3,24.7,24.1,24,25,78,78,79,88
24.9,599.98,-3.013758,-1.575634,-57.857278,-61.518478,21.59,1.3,2,2.2,2.3,2.3,2.9,2.1,2.3,2.5,2.2,2.6,2.7,25.4,24.8,24.2,24,25,77,78,78,85
25.5,600.18,-0.126051,-0.916732,-58.057813,-60.395481,21.595,1.7,1.7,1.9,2.1,2.3,2.9,2,2.1,2.4,2.5,2.6,2.7,25.4,24.7,24.2,24,25.1,76,77,79,86
24.6,600.18,-0.126051,-0.916732,-58.057813,-60.395481,21.595,2.2,1.7,2,2,2.2,2.9,2.1,2.2,2.4,2.5,2.5,2.6,25.4,24.7,24.1,24.1,25.1,75,77,78,85
25.7,600.18,-0.126051,-0.916732,-58.057813,-60.395481,21.595,2.4,2,2.5,2.4,2.3,2.9,2.5,2.4,2.4,2.8,2.6,2.6,25.5,24.7,24.2,24,25.2,76,76,78,86
24.6,600.18,-0.126051,-0.916732,-58.057813,-60.395481,21.595,2.7,2.1,2.5,2.4,2.3,2.9,2.5,2.4,2.4,2.3,2.4,2.6,25.6,24.8,24.2,24.1,25.2,76,76,78,86
25.1,600.09,-0.590147,-1.002676,-56.350399,-59.05476,21.68,2.2,2.2,2.5,2.3,2.3,2.9,2.1,2.4,2.4,2.6,2.5,2.6,25.6,24.8,24.2,24.1,25.2,75,77,78,87
25.5,600.09,-0.590147,-1.002676,-56.350399,-59.05476,21.68,2.7,2.5,2.6,2.4,2.3,2.9,2.9,2.4,2.4,2.8,2.5,2.6,25.6,24.8,24.2,24.1,25.1,74,76,78,87
24.9,600.09,-0.590147,-1.002676,-56.350399,-59.05476,21.68,3.1,2.7,2.7,2.5,2.4,2.9,2.1,2.4,2.4,2.9,2.7,2.6,25.7,24.8,24.2,24.1,25.1,73,76,77,85
25.7,600.05,2.051189,-1.008406,-57.490585,-60.68196,21.745,2.7,2.6,2.8,2.4,2.4,2.9,2.8,2.6,2.5,2.9,2.8,2.7,25.7,24.8,24.3,24.1,25.2,73,75,77,85
24.6,600.05,2.051189,-1.008406,-57.490585,-60.68196,21.745,2.8,2.7,2.9,2.4,2.4,2.9,1.9,2.3,2.4,2.6,2.9,2.7,25.7,24.9,24.3,24.2,25.2,74,75,77,84
24.6,600.05,2.051189,-1.008406,-57.490585,-60.68196,21.745,2.8,2.6,2.3,2.5,2.4,2.9,3.1,2.6,2.5,2.7,2.8,2.7,25.8,24.9,24.3,24.2,25.2,74,75,77,86
25.1,600.05,2.051189,-1.008406,-57.490585,-60.68196,21.745,2.1,2.6,2.5,2.6,2.5,2.9,2.3,2.5,2.5,2.2,2.7,2.7,25.9,24.8,24.3,24.2,25.3,74,75,77,85
25.5,600.05,2.956462,-0.773493,-53.519988,-56.814495,21.409,3.3,2.8,2.9,2.7,2.5,2.9,2.3,2.6,2.5,2.7,2.8,2.7,25.9,25,24.3,24.2,25.3,74,74,77,85
24.9,600.05,2.956462,-0.773493,-53.519988,-56.814495,21.409,2.4,2.5,2.4,2.5,2.5,2.9,2.9,2.7,2.6,2.4,2.8,2.7,26,25,24.3,24.2,25.4,73,74,76,84
24.6,600.05,2.956462,-0.773493,-53.519988,-56.814495,21.409,3.2,2.7,3.2,2.8,2.6,2.9,2.6,2.7,2.6,2.3,2.7,2.7,26,25,24.3,24.3,25.4,73,74,76,84
24.6,599.96,-1.249048,-0.710468,-56.081109,-59.318321,21.345,2.1,2.7,2.9,2.8,2.6,2.9,3.3,2.9,2.7,2.7,2.9,2.8,26,25,24.3,24.2,25.3,72,73,75,83
25.7,599.96,-1.249048,-0.710468,-56.081109,-59.318321,21.345,2.6,2.5,2.8,2.8,2.7,2.9,2.7,2.8,2.7,2.5,2.8,2.8,26,24.9,24.4,24.2,25.3,71,73,75,82
25.5,599.96,-1.249048,-0.710468,-56.081109,-59.318321,21.345,2.3,2.4,2.3,2.7,2.7,2.9,2.3,2.7,2.7,2.3,2.7,2.8,26.1,25.1,24.4,24.3,25.4,71,73,75,82
25,599.95,4.010705,-0.641713,-54.408072,-56.568123,21.422,2.9,2.3,3.4,2.6,2.6,2.9,2.5,2.3,2.6,2.6,2.5,2.7,26.1,25.1,24.5,24.4,25.4,71,73,76,85
24.9,599.95,4.010705,-0.641713,-54.408072,-56.568123,21.422,2,2.4,2.8,2.9,2.7,2.9,3.1,2.7,2.6,2.8,2.6,2.7,26.1,25,24.4,24.2,25.4,70,71,75,84
25.7,599.95,4.010705,-0.641713,-54.408072,-56.568123,21.422,2.9,2.8,2.9,2.9,2.7,2.9,2.8,2.9,2.7,2.8,2.9,2.7,26.1,25,24.4,24.2,25.4,70,72,74,83
25.5,599.95,7.545854,-1.277696,118.092331,120.074765,25.787,2.1,2.4,2.6,2.8,2.7,2.9,2.4,2.8,2.7,2.7,2.9,2.8,26.1,25.1,24.5,24.3,25.4,70,73,75,84
24.6,599.95,7.545854,-1.277696,118.092331,120.074765,25.787,2.4,2.4,2.6,2.8,2.7,2.9,2.8,2.7,2.7,2.8,2.8,2.8,26.2,25,24.4,24.2,25.5,70,73,75,84
24.6,599.95,7.545854,-1.277696,118.092331,120.074765,25.787,2,2.2,2.2,2.5,2.7,2.9,2.2,2.5,2.6,2.4,2.6,2.7,26.2,25.1,24.5,24.3,25.5,70,73,75,83
25,599.92,4.302913,-1.369369,120.619075,121.764991,26.21,2.6,2.3,2.6,2.6,2.7,2.9,2.4,2.2,2.5,2.6,2.5,2.7,26.2,25.2,24.5,24.3,25.6,71,73,76,85
24.9,599.92,4.302913,-1.369369,120.619075,121.764991,26.21,2.2,2.3,2,2.4,2.6,2.9,2.2,2.5,2.6,2.5,2.6,2.7,26.2,25.1,24.5,24.3,25.5,70,71,75,83
24.6,599.92,4.302913,-1.369369,120.619075,121.764991,26.21,1.7,2,2.2,2.1,2.5,2.9,2.6,2.5,2.5,3,2.6,2.7,26.2,25.2,24.5,24.3,25.6,70,71,74,84
24.5,599.92,4.302913,-1.369369,120.619075,121.764991,26.21,2.6,2.3,2.6,2.2,2.4,2.9,2.8,2.9,2.7,2.9,2.9,2.7,26.3,25.3,24.4,24.3,25.6,70,72,74,83
25,600.11,-0.492744,-1.249048,121.684777,121.954067,26.535,2.7,2.6,2.9,2.6,2.5,2.9,2.8,2.9,2.7,2.8,2.8,2.7,26.3,25.2,24.4,24.2,25.6,70,71,73,81
25.7,600.11,-0.492744,-1.249048,121.684777,121.954067,26.535,3,2.8,3.2,2.9,2.6,2.9,3.1,3,2.8,3.1,2.9,2.8,26.3,25.2,24.4,24.3,25.5,68,69,72,79
25.5,599.75,1.369369,-1.042783,120.510213,120.82534,25.875,2.3,2.5,2.1,2.6,2.6,2.9,2.3,2.9,2.8,3.3,3.1,2.8,26.3,25.2,24.5,24.4,25.5,68,70,72,80
24.9,599.75,1.369369,-1.042783,120.510213,120.82534,25.875,2.8,2.6,3.2,2.8,2.6,2.9,2.8,2.8,2.8,2.4,2.7,2.8,26.3,25.2,24.6,24.4,25.4,68,71,73,82
24.6,599.75,1.369369,-1.042783,120.510213,120.82534,25.875,2.6,2.6,2.8,2.9,2.7,2.9,3,3,2.8,3.2,2.9,2.8,26.3,25.1,24.4,24.3,25.5,68,70,72,79
24.5,599.75,1.369369,-1.042783,120.510213,120.82534,25.875,2.8,2.8,2.5,2.8,2.7,2.9,3.1,3,2.9,3,3,2.9,26.3,25.1,24.5,24.3,25.4,67,70,71,80
25,599.76,1.300614,-0.865166,120.636264,120.876906,25.62,2.5,2.7,2.9,2.8,2.7,2.9,3.4,3.1,2.9,3.3,3.1,2.9,26.3,25.2,24.6,24.3,25.4,67,70,72,81
25.7,599.76,1.300614,-0.865166,120.636264,120.876906,25.62,2.3,2.5,2.5,2.8,2.8,2.9,3.1,3.1,2.9,3.1,3.1,3,26.3,25.1,24.4,24.3,25.5,68,70,71,78
25.5,599.99,1.564175,-1.277696,121.621751,121.381109,25.985,2.2,2.4,2.1,2.5,2.7,2.9,2.6,2.9,2.9,2.6,2.8,2.9,26.3,25.2,24.6,24.5,25.6,69,71,73,82
24.9,599.99,1.564175,-1.277696,121.621751,121.381109,25.985,2.5,2.4,2.6,2.5,2.7,2.9,2.8,2.7,2.9,2.7,2.9,2.9,26.3,25.2,24.5,24.3,25.5,68,71,74,82
24.6,599.99,1.564175,-1.277696,121.621751,121.381109,25.985,1.7,2.2,2.3,2.5,2.6,2.9,3.1,2.8,2.8,3.2,3,2.9,26.3,25.2,24.5,24.3,25.5,68,71,71,79
24.5,599.99,1.564175,-1.277696,121.621751,121.381109,25.985,2.9,2.3,3,2.6,2.6,2.9,3,2.8,2.8,3.3,2.9,2.9,26.3,25.2,24.5,24.4,25.6,69,71,72,80
25.7,600.15,3.586716,-1.36364,119.112196,119.175221,26.239,2.5,2.5,2,2.7,2.6,2.7,2.6,2.8,2.8,2.9,3,2.9,26.3,25.2,24.5,24.4,25.4,69,71,71,76
25,600.15,3.586716,-1.36364,119.112196,119.175221,26.239,2.7,2.7,2.9,2.8,2.7,2.7,2.9,2.8,2.8,3,2.9,2.9,26.3,25.1,24.5,24.4,25.4,68,71,71,79
25.5,600.15,3.586716,-1.36364,119.112196,119.175221,26.239,3,2.8,2.7,2.9,2.7,2.7,2.8,2.8,2.8,2.9,2.9,2.9,26.2,25.1,24.4,24.3,25.4,69,71,70,77
24.9,600.15,3.586716,-1.36364,119.112196,119.175221,26.239,3.1,2.8,2.6,2.8,2.7,2.8,2.9,2.9,2.9,3,3,3,26.2,25.1,24.6,24.4,25.4,69,71,69,75
25.6,599.98,-0.607335,-0.899544,122.504106,121.759261,25.656,2,2.5,2.3,2.6,2.7,2.8,3,2.9,2.9,2.8,2.9,2.9,26.2,25.2,24.6,24.5,25.4,68,70,70,75
24.6,599.98,-0.607335,-0.899544,122.504106,121.759261,25.656,1.6,2,2.3,2.2,2.6,2.8,2.6,2.8,2.8,2.7,2.8,2.9,26.2,25.2,24.7,24.5,25.5,69,71,73,82
24.5,599.98,-0.607335,-0.899544,122.504106,121.759261,25.656,1.2,1.8,2.4,2.2,2.5,2.8,2,2.4,2.7,1.7,2.6,2.8,26.3,25.2,24.7,24.4,25.6,70,71,74,81
25,599.95,-1.506879,-1.312073,121.976985,121.558726,25.597,2,1.7,2.1,2.2,2.4,2.8,2.1,2.2,2.6,1.6,2,2.6,26.3,25.4,24.7,24.5,25.8,68,71,74,82
25.5,599.95,-1.506879,-1.312073,121.976985,121.558726,25.597,1.9,1.8,1.8,2,2.3,2.8,2.5,2.4,2.6,2.4,2.2,2.6,26.4,25.4,24.6,24.4,25.8,69,72,72,80
24.9,599.95,-1.506879,-1.312073,121.976985,121.558726,25.597,1.9,1.8,1.6,1.9,2.2,2.8,2.2,2.2,2.5,2.4,2.2,2.5,26.5,25.5,24.7,24.5,25.9,70,71,71,80
24.6,600.06,0.349504,-1.409476,120.733667,120.189357,25.345,2.2,1.9,2.4,2.1,2.2,2.8,2.3,2.1,2.4,2.1,2,2.4,26.5,25.5,24.6,24.4,26.1,67,69,71,79
24.6,600.06,0.349504,-1.409476,120.733667,120.189357,25.345,2.1,1.9,2.5,2.4,2.3,2.8,2.3,2.2,2.4,2.4,2.2,2.4,26.5,25.5,24.6,24.4,26,65,66,66,72
25.7,600.06,0.349504,-1.409476,120.733667,120.189357,25.345,2.6,2.1,2.6,2.3,2.3,2.8,1.6,2.1,2.3,1.8,2.1,2.3,26.6,25.5,24.9,24.7,25.9,64,67,69,76
25.5,600.06,0.349504,-1.409476,120.733667,120.189357,25.345,2.2,2.3,3.3,2.6,2.3,2.8,2,2.1,2.3,2.4,2.1,2.3,26.6,25.6,25,24.8,26,63,66,70,79
25,599.94,1.117268,-1.283425,121.661858,121.810827,25.331,1.7,2.2,2.2,2.4,2.3,2.8,2.1,2.2,2.3,2,2,2.2,26.7,25.4,24.8,24.7,25.9,65,65,69,75
24.9,599.94,1.117268,-1.283425,121.661858,121.810827,25.331,2.5,2.3,2.5,2.4,2.4,2.8,2.5,2.4,2.3,2.5,2.3,2.3,26.7,25.6,24.9,24.7,26,63,65,69,76
25.6,600.1,-1.936597,-1.879302,121.346731,121.392568,25.434,2.3,2.5,2.4,2.4,2.4,2.8,2.6,2.4,2.3,3,2.5,2.3,26.7,25.6,24.8,24.7,25.9,65,66,69,75
25.5,600.1,-1.936597,-1.879302,121.346731,121.392568,25.434,2.1,2.3,2.7,2.4,2.4,2.8,3.7,2.7,2.4,3.5,2.8,2.4,26.8,25.6,24.9,24.8,25.9,64,66,70,77
24.6,599.99,-1.014135,-1.36364,119.209599,119.679424,25.517,2.8,2.5,2.9,2.8,2.5,2.8,2.9,3,2.5,2.9,2.9,2.5,26.8,25.5,24.7,24.6,26,64,67,69,77
24.5,599.99,-1.014135,-1.36364,119.209599,119.679424,25.517,2.5,2.7,2.7,2.7,2.5,2.8,2.6,2.7,2.5,2.5,2.7,2.5,26.8,25.6,24.8,24.7,25.9,63,66,67,75
25,599.99,-1.014135,-1.36364,119.209599,119.679424,25.517,2.7,2.6,2.8,2.8,2.6,2.8,2.8,2.9,2.6,2.2,2.7,2.6,26.7,25.5,24.9,24.7,25.9,64,67,69,77
24.9,599.95,-0.521392,-0.704738,-59.272484,-61.827876,22.275,2.2,2.4,3.1,2.7,2.6,2.8,2.3,2.8,2.7,3.3,2.7,2.6,26.7,25.6,24.9,24.7,26,63,66,68,74
24.6,599.95,-0.521392,-0.704738,-59.272484,-61.827876,22.275,2.8,2.4,1.8,2.4,2.5,2.8,2.7,2.7,2.6,1.9,2.7,2.6,26.7,25.6,24.9,24.7,26,64,66,69,75
24.5,599.95,-0.521392,-0.704738,-59.272484,-61.827876,22.275,2.8,2.5,2.3,2.4,2.5,2.8,2.9,2.6,2.6,3.2,2.8,2.6,26.7,25.6,24.9,24.7,25.9,64,66,69,77
25,600.1,-0.166158,-1.077161,-56.992112,-60.372563,22.18,2.7,2.9,2.8,2.6,2.5,2.8,2.7,2.8,2.7,2.7,2.9,2.7,26.7,25.7,24.8,24.6,25.9,64,67,67,72
25.6,600.1,-0.166158,-1.077161,-56.992112,-60.372563,22.18,1.9,2.6,2.2,2.5,2.5,2.8,2.4,2.5,2.6,2,2.6,2.7,26.7,25.6,24.9,24.8,25.7,66,68,69,76
25.5,600.1,-0.166158,-1.077161,-56.992112,-60.372563,22.18,2.6,2.3,2.6,2.4,2.5,2.8,2.9,2.6,2.6,3.3,2.6,2.7,26.7,25.6,24.9,24.7,25.8,67,69,72,81
24.9,600.15,-4.984733,-1.317803,-52.780872,-55.336264,21.708,2.9,2.5,2.5,2.6,2.5,2.8,2.6,2.7,2.6,2.7,2.8,2.7,26.7,25.5,24.7,24.5,25.8,68,70,72,78
24.6,600.15,-4.984733,-1.317803,-52.780872,-55.336264,21.708,2.8,2.6,2.8,2.6,2.5,2.8,2.7,2.7,2.6,2.7,2.6,2.7,26.7,25.4,24.7,24.6,25.6,69,70,70,76
24.5,600.15,-4.984733,-1.317803,-52.780872,-55.336264,21.708,3.2,2.9,2.8,2.7,2.6,2.8,2.5,2.7,2.7,2.2,2.6,2.7,26.7,25.3,24.7,24.5,25.5,68,70,71,78
25.1,600.15,-4.984733,-1.317803,-52.780872,-55.336264,21.708,3.2,3.1,3.1,2.9,2.6,2.8,3.2,2.9,2.7,3.2,2.8,2.7,26.6,25.1,24.5,24.4,25.4,67,68,70,77
25.6,600.02,2.824682,-0.979758,-55.892033,-59.043301,21.622,2.8,2.9,2.8,3,2.7,2.8,2.9,3,2.8,3.1,3.1,2.8,26.5,25.3,24.7,24.5,25.4,66,67,66,72
25.6,600.02,2.824682,-0.979758,-55.892033,-59.043301,21.622,2.5,2.8,2.8,2.8,2.7,2.8,2.5,2.7,2.7,3,3,2.8,26.5,25.5,24.8,24.7,25.5,67,70,71,75
24.9,599.94,-1.541256,-1.111538,-58.006247,-60.126191,21.237,2.1,2.6,3.4,2.9,2.8,2.8,3,2.8,2.8,2.3,2.7,2.8,26.5,25.4,24.7,24.7,25.7,68,71,73,81
24.6,599.94,-1.541256,-1.111538,-58.006247,-60.126191,21.237,3,3,3.3,3.1,2.8,2.8,3,2.8,2.8,3,2.8,2.8,26.5,25.3,24.6,24.5,25.6,69,71,72,79
24.5,599.94,-1.541256,-1.111538,-58.006247,-60.126191,21.237,2.6,2.9,3,3.1,2.9,2.9,2.9,2.9,2.8,3.1,3,2.8,26.4,25.3,24.5,24.5,25.4,70,72,72,78
25.1,599.94,-1.541256,-1.111538,-58.006247,-60.126191,21.237,2.2,2.7,2.6,2.8,2.9,2.9,3,2.8,2.8,2.7,2.8,2.8,26.4,25.2,24.5,24.4,25.4,70,72,73,80
25.6,599.94,3.002299,-1.117268,-53.89814,-56.195701,21.151,2.2,2.6,2,2.5,2.8,2.9,2.4,2.8,2.8,3.5,3,2.9,26.4,25.2,24.5,24.4,25.4,69,72,72,78
24.9,599.94,3.002299,-1.117268,-53.89814,-56.195701,21.151,3.3,2.8,2.9,2.5,2.7,2.9,2.5,2.8,2.8,2.8,2.9,2.9,26.3,25.2,24.5,24.3,25.5,69,72,72,79
24.6,599.9,0.802141,-0.916732,-54.694551,-57.278591,21.393,3.2,3.1,3.2,2.8,2.8,2.9,2.9,2.7,2.8,2.8,2.9,2.9,26.3,25,24.6,24.4,25.3,69,69,70,77
24.6,599.9,0.802141,-0.916732,-54.694551,-57.278591,21.393,2,2.7,2.7,2.7,2.7,2.9,2.5,2.9,2.8,3.1,3.1,2.9,26.3,25.3,24.6,24.5,25.3,69,70,72,79
25.1,599.9,0.802141,-0.916732,-54.694551,-57.278591,21.393,2.3,2.7,2.8,2.9,2.8,2.9,3.3,3,2.8,3.3,3.1,2.9,26.3,25.3,24.6,24.4,25.4,70,72,73,80
25.6,599.9,0.802141,-0.916732,-54.694551,-57.278591,21.393,3.4,3,3.3,3.1,2.9,2.9,2.8,2.7,2.8,2.9,2.8,2.9,26.3,25.2,24.6,24.4,25.4,70,72,74,82
24.9,599.9,0.802141,-0.916732,-54.694551,-57.278591,21.393,2.7,3.1,2.7,3,2.9,2.9,2.9,2.7,2.8,2.9,2.8,2.9,26.3,25,24.4,24.2,25.3,71,71,72,78
24.6,600.09,3.368992,-1.340721,-55.439396,-58.344292,21.279,2.8,2.4,2.3,2.5,2.8,2.9,2.8,2.7,2.8,3.1,2.8,2.9,26.3,25.1,24.6,24.6,25.3,69,71,73,79
24.5,600.09,3.368992,-1.340721,-55.439396,-58.344292,21.279,2.6,2.6,2.5,2.8,2.8,2.9,2.7,2.4,2.7,2.4,2.6,2.8,26.4,25.1,24.6,24.4,25.4,69,72,75,81
25.6,600.09,3.368992,-1.340721,-55.439396,-58.344292,21.279,2.4,2.5,3,2.8,2.8,2.9,2.6,2.5,2.6,1.5,2.3,2.7,26.5,25.1,24.5,24.3,25.5,70,71,71,76
25.1,600.06,0.148969,-1.432394,-54.969571,-57.502044,21.258,2.4,2.5,2,2.6,2.7,2.9,2.7,2.5,2.6,2.5,2.1,2.6,26.5,25.2,24.7,24.7,25.6,69,72,74,82
24.9,600.06,0.148969,-1.432394,-54.969571,-57.502044,21.258,2.4,2.1,1.4,1.9,2.5,2.9,2.3,2.5,2.6,2.2,2.2,2.5,26.6,25.3,24.6,24.4,25.7,70,72,74,82
25.6,600.06,0.148969,-1.432394,-54.969571,-57.502044,21.258,2.2,2.2,2.1,2.2,2.5,2.9,2.6,2.5,2.6,2.4,2.4,2.5,26.7,25.3,24.4,24.3,25.7,71,71,71,77
24.6,600.06,0.148969,-1.432394,-54.969571,-57.502044,21.258,2.6,2.3,2.6,2.5,2.5,2.9,2.9,2.7,2.6,3,2.6,2.5,26.8,25.3,24.5,24.5,25.8,69,70,70,79
25.1,600.2,-0.641713,-1.214671,-57.215565,-60.034518,20.906,2,2.3,2.4,2.5,2.5,2.9,2.4,2.6,2.6,2.7,2.8,2.6,26.9,25.3,24.7,24.4,25.8,68,69,68,72
24.9,600.2,-0.641713,-1.214671,-57.215565,-60.034518,20.906,2.3,2.5,2.3,2.4,2.5,2.9,2.8,2.6,2.6,2.8,2.8,2.6,27,25.2,24.6,24.7,25.7,68,69,67,72
24.6,600.2,-0.641713,-1.214671,-57.215565,-60.034518,20.906,2.7,2.4,3.5,2.7,2.6,2.9,3.1,2.6,2.6,2.9,2.6,2.6,27,25.4,24.9,24.8,25.7,64,68,69,77
25.1,599.89,2.950733,-1.312073,-57.364534,-59.719391,20.854,2.1,2.7,3,2.9,2.6,2.9,2.4,2.7,2.6,2.6,2.6,2.6,27,25.6,24.7,24.6,26,66,70,70,78
25.5,599.89,2.950733,-1.312073,-57.364534,-59.719391,20.854,1.9,2.1,2.7,2.5,2.6,2.9,3.4,2.7,2.6,2.8,2.7,2.6,27,25.5,24.8,24.7,26,65,68,67,74
24.9,599.89,2.950733,-1.312073,-57.364534,-59.719391,20.854,3,2.5,3.1,2.8,2.6,2.9,2.3,2.9,2.7,2.3,2.7,2.6,27.1,25.6,24.8,24.7,26.1,65,68,69,78
24.6,599.89,2.950733,-1.312073,-57.364534,-59.719391,20.854,2.6,2.5,2.7,2.6,2.6,2.9,2.3,2.6,2.7,2.3,2.6,2.6,27.1,25.6,24.9,24.8,26.2,65,66,69,77
25.1,600.05,1.678766,-1.08862,-53.565824,-55.508151,20.759,1.9,2.2,1.5,2.3,2.5,2.9,2,2.3,2.6,1.6,2.4,2.6,27.1,25.7,24.9,24.8,26.1,66,69,72,79
25.5,600.05,1.678766,-1.08862,-53.565824,-55.508151,20.759,1.8,2,1.9,2.1,2.5,2.9,2.5,2.2,2.5,2.9,2.5,2.6,27.1,25.8,24.9,24.8,26.3,65,69,72,79
24.9,600.05,1.678766,-1.08862,-53.565824,-55.508151,20.759,2.9,2,2.9,2.3,2.4,2.4,2.9,2.7,2.6,3.5,2.8,2.6,27.1,25.8,24.9,24.8,26.3,65,69,72,81
24.6,600.05,1.678766,-1.08862,-53.565824,-55.508151,20.759,2.1,2.2,2.4,2.3,2.4,2.4,1.5,2.3,2.5,2.3,2.7,2.6,27.1,25.6,24.8,24.7,26.2,65,67,67,73
25.1,599.95,3.764333,-0.595876,-55.80036,-57.954681,20.892,2.2,2.1,1.7,2.1,2.4,2.4,3.6,2.6,2.6,3.7,2.8,2.7,27.1,25.7,25,24.8,26.2,63,67,70,78
25.6,599.95,3.764333,-0.595876,-55.80036,-57.954681,20.892,2.5,2.4,2.3,2.5,2.4,2.4,2.4,2.6,2.6,2.6,2.8,2.7,27.1,25.6,24.8,24.6,26.1,65,67,68,74
24.9,599.95,3.764333,-0.595876,-55.80036,-57.954681,20.892,2.9,2.4,2.5,2.4,2.4,2.4,2.4,2.3,2.5,2.6,2.5,2.6,27.2,25.5,24.8,24.7,26.1,61,64,66,71
24.6,599.97,6.961437,-1.558445,117.456348,118.212652,26.481,3.2,2.6,3.6,2.9,2.5,2.5,2.6,2.6,2.6,2.6,2.8,2.7,27.2,25.6,25,24.9,26.2,60,64,67,75
25.1,599.97,6.961437,-1.558445,117.456348,118.212652,26.481,2.7,2.5,2.1,2.7,2.6,2.6,2.5,2.6,2.6,2.7,2.7,2.7,27.2,25.8,24.9,24.7,26.4,64,67,67,72
25.5,599.97,6.961437,-1.558445,117.456348,118.212652,26.481,2.9,2.5,2.3,2.5,2.5,2.6,2.8,2.7,2.6,2.8,2.7,2.7,27.2,25.7,24.9,24.7,26.2,63,65,65,69
24.9,599.97,6.961437,-1.558445,117.456348,118.212652,26.481,2.7,2.6,2.5,2.5,2.5,2.6,2.6,2.7,2.6,2.6,2.8,2.7,27.2,25.7,24.9,24.7,26.2,62,64,62,66
24.6,600,1.546986,-1.042783,123.67294,123.655751,26.435,2.1,2.3,2.5,2.6,2.5,2.6,2.8,2.7,2.6,2.7,2.7,2.7,27.3,25.7,25.1,24.8,26.2,63,62,62,65
25.6,600,1.546986,-1.042783,123.67294,123.655751,26.435,2.8,2.5,2.5,2.6,2.6,2.6,2.7,2.6,2.6,2.3,2.6,2.7,27.3,25.8,25.1,25.1,26.1,62,63,65,70
25.1,600,1.546986,-1.042783,123.67294,123.655751,26.435,2.4,2.5,2.8,2.6,2.5,2.6,3.2,2.9,2.7,3.4,3,2.8,27.3,25.7,25,24.9,26,62,63,64,71
24.9,599.95,-4.606581,-0.773493,120.567509,120.41281,26.945,3.2,2.5,3.1,2.6,2.6,2.6,3.7,3.1,2.8,2.5,2.9,2.8,27.3,25.8,25.1,24.9,26.1,63,67,68,75
24.7,599.95,-4.606581,-0.773493,120.567509,120.41281,26.945,2.5,2.9,2.5,2.8,2.6,2.6,2.6,3,2.8,2.6,2.8,2.8,27.3,25.6,25,24.7,26,63,63,64,71
25.5,599.95,-4.606581,-0.773493,120.567509,120.41281,26.945,2.4,2.3,2.5,2.7,2.6,2.7,2.3,2.8,2.8,3,2.9,2.8,27.3,25.7,25.1,24.8,26.1,61,62,64,70
25.1,599.95,-4.606581,-0.773493,120.567509,120.41281,26.945,2.5,2.4,2.4,2.6,2.6,2.7,2.8,2.8,2.8,2.5,3,2.9,27.3,25.7,25.1,24.9,26.2,61,62,66,73
24.9,599.85,-5.683741,-1.306344,122.188979,121.719154,25.929,3.1,2.6,2.9,2.7,2.6,2.7,2.8,2.9,2.8,2.7,2.8,2.9,27.3,25.9,25,24.9,26.4,59,62,64,72
24.7,599.85,-5.683741,-1.306344,122.188979,121.719154,25.929,1.8,2.4,2.2,2.4,2.6,2.7,2.4,2.7,2.8,2.7,2.8,2.8,27.4,25.9,25.2,24.9,26.2,59,62,64,69
25.1,599.85,-5.683741,-1.306344,122.188979,121.719154,25.929,1.9,2,2.5,2.1,2.4,2.7,2.8,2.6,2.7,3,2.8,2.8,27.3,25.9,25.2,25,26.2,61,65,69,76
24.9,599.89,-6.967167,-0.630254,121.025875,121.472782,26.013,1.9,2,2.5,2.2,2.4,2.7,1.7,2.5,2.7,2.3,2.6,2.8,27.3,25.9,25.2,25,26.3,63,66,69,76
25.6,599.89,-6.967167,-0.630254,121.025875,121.472782,26.013,2.2,2.2,3.2,2.4,2.4,2.7,2.9,2.6,2.7,2.5,2.6,2.7,27.3,25.9,25.1,24.9,26.2,61,66,68,76
24.7,599.89,-6.967167,-0.630254,121.025875,121.472782,26.013,1.9,2.1,2,2.4,2.4,2.7,2.1,2.6,2.7,3,2.7,2.7,27.3,25.8,25.1,24.8,26.1,62,66,67,72
25.1,600.1,-2.051189,-0.750575,121.593103,121.621751,26.064,2.9,2.4,2.6,2.6,2.5,2.7,2.4,2.5,2.6,2,2.4,2.6,27.3,25.8,25.1,24.9,26.1,62,65,67,73
25.6,600.1,-2.051189,-0.750575,121.593103,121.621751,26.064,2.1,2.4,2.7,2.6,2.5,2.7,2.8,2.6,2.6,2.3,2.5,2.6,27.2,25.7,25.1,24.8,26.1,58,62,64,69
24.9,600.1,-2.051189,-0.750575,121.593103,121.621751,26.064,2.5,2.5,2.2,2.4,2.5,2.7,2.8,2.7,2.6,3,2.8,2.7,27.2,25.9,25.2,25,26.2,59,63,66,71
24.6,600.08,0.446907,-1.369369,122.756208,122.653075,26.029,2.7,2.6,2.8,2.7,2.5,2.7,2.8,2.9,2.7,2.6,2.8,2.7,27.2,25.9,25.2,25,26.3,61,64,66,72
25.1,600.08,0.446907,-1.369369,122.756208,122.653075,26.029,3.3,2.8,3.5,2.9,2.6,2.7,2.2,2.8,2.7,2.2,2.7,2.7,27.3,26,25.2,24.9,26.3,62,64,65,70
24.9,600.44,-2.509555,-1.375099,121.300895,122.527024,26.18,3.6,2.8,2.5,2.7,2.6,2.7,2.8,2.8,2.7,2.8,2.7,2.7,27.3,26,25.1,25,26.3,61,63,66,72
25.5,600.44,-2.509555,-1.375099,121.300895,122.527024,26.18,2.5,2.5,3,2.8,2.7,2.7,2.5,2.7,2.7,2.8,2.8,2.8,27.3,25.9,25.1,25,26.3,62,63,65,73
24.6,600.44,-2.509555,-1.375099,121.300895,122.527024,26.18,3.3,2.8,3.6,3.2,2.8,2.8,3.4,3,2.8,3.3,2.9,2.8,27.3,25.8,25,24.9,26.3,60,62,66,75
25.1,600.06,0.487014,-0.939651,120.172168,121.237869,25.743,2.8,2.9,3,3.2,2.9,2.9,3,3.4,2.9,3.3,3.1,2.9,27.3,25.8,25.1,24.9,26.3,60,63,68,76
25.6,600.06,0.487014,-0.939651,120.172168,121.237869,25.743,2.2,2.4,3,2.9,2.8,2.9,4.2,3.4,3,3.2,3.4,3,27.3,25.8,25,24.9,26.2,60,65,70,78
24.9,600.06,0.487014,-0.939651,120.172168,121.237869,25.743,2.4,2.6,1.8,2.7,2.8,2.9,2.7,3,3,3.1,3.2,3,27.3,26,25.1,24.9,26.3,62,67,71,79
24.6,599.86,-0.836518,-0.67609,121.306624,121.730613,25.922,3,2.8,2.7,2.7,2.8,2.9,2.6,3,3,2.7,3.1,3,27.4,25.8,25,24.8,26.2,64,66,70,78
25.1,599.86,-0.836518,-0.67609,121.306624,121.730613,25.922,2.6,2.8,3.4,2.8,2.8,2.9,4.3,3.1,3,3,3,3,27.5,25.7,25.1,25,26.2,61,63,69,77
25.6,600.06,0.94538,-1.122997,118.212652,118.991875,25.419,3.2,2.9,3,3,2.9,2.9,2.8,3,3,2,2.9,3,27.5,25.9,25.2,25,26.4,61,66,70,78
24.9,600.06,0.94538,-1.122997,118.212652,118.991875,25.419,3.2,3,3,3,2.9,2.9,3.4,3.2,3.1,3.1,3.1,3,27.5,25.8,24.9,24.8,26.2,63,68,71,78
24.6,600.06,0.94538,-1.122997,118.212652,118.991875,25.419,2.2,2.6,2.4,2.7,2.8,2.9,3.1,3.2,3.1,2.9,2.9,3,27.5,25.7,24.9,24.8,26,64,67,71,78
25.5,599.88,2.343397,-1.048513,119.009064,120.183627,25.68,3.5,3.1,3.1,3.1,2.9,2.9,2.4,3,3.1,3.1,3.1,3,27.5,25.7,25,24.8,25.9,64,68,71,79
25,599.88,2.343397,-1.048513,119.009064,120.183627,25.68,1.9,2.4,1.8,2.5,2.8,2.9,1.8,2.6,2.9,2.3,2.9,3,27.4,25.8,25,24.8,26.1,64,69,72,80
24.9,599.88,2.343397,-1.048513,119.009064,120.183627,25.68,1.9,1.9,3.2,2.4,2.7,2.9,3.1,2.8,2.9,3,2.6,2.9,27.4,25.9,25,24.9,26.3,66,70,72,80
25.6,599.88,2.343397,-1.048513,119.009064,120.183627,25.68,2,2,2.2,2.5,2.7,2.9,2.3,2.6,2.9,3.1,2.7,2.8,27.4,25.9,25,24.8,26.2,65,69,71,79
24.7,599.78,-1.140186,-1.317803,-56.705633,-60.962709,21.686,2.4,2.6,2.9,2.7,2.7,2.9,2.4,2.6,2.8,3,2.8,2.9,27.3,25.8,25,24.7,26.1,66,69,72,79
25,599.78,-1.140186,-1.317803,-56.705633,-60.962709,21.686,1.1,1.8,1.5,2.4,2.6,2.9,2.5,2.8,2.8,3,2.9,2.9,27.3,25.7,24.8,24.6,26,65,67,67,74
24.9,600.07,2.108485,-1.2204,-55.055515,-59.490208,21.531,1.8,1.6,2.1,2.2,2.5,2.9,2,2.2,2.6,3.2,2.7,2.8,27.2,25.7,25,24.9,26,65,68,70,76
24.7,600.07,2.108485,-1.2204,-55.055515,-59.490208,21.531,1.7,1.6,1.6,1.9,2.4,2.9,2.4,2.2,2.6,2.1,2.8,2.8,27.2,25.7,25.1,25,26.2,64,67,71,79
25,600.07,2.108485,-1.2204,-55.055515,-59.490208,21.531,2.1,1.8,2.1,1.9,2.3,2.9,2,2.2,2.5,1.5,2.3,2.7,27.2,25.9,25.1,24.9,26.4,63,67,71,79
25.5,600.04,4.056541,-1.575634,-55.078433,-60.235053,21.634,1.6,2,1.5,2,2.3,2.9,2,2.2,2.5,2,2.2,2.6,27.3,26,25,24.8,26.3,65,67,70,78
24.9,600.04,4.056541,-1.575634,-55.078433,-60.235053,21.634,3.1,2.1,2.9,2,2.2,2.9,2.1,2,2.4,2.9,2.5,2.6,27.2,26.1,25.1,24.9,26.4,64,67,70,78
24.7,600.04,4.056541,-1.575634,-55.078433,-60.235053,21.634,3.1,2.7,2.5,2.7,2.4,2.9,3.1,2.6,2.5,3.2,2.4,2.5,27.3,26,25.1,24.9,26.4,65,65,70,77
25,600.07,-5.29413,-1.690225,-50.678117,-54.940923,21.851,1.9,2.7,2.4,2.4,2.4,2.9,2.9,2.9,2.6,2.5,2.6,2.6,27.3,25.9,25,24.8,26.2,63,63,69,75
25.5,600.07,-5.29413,-1.690225,-50.678117,-54.940923,21.851,2.4,2.4,3.5,2.9,2.5,2.9,2.5,3,2.6,2.4,2.6,2.6,27.3,25.9,25,24.9,26.1,62,66,70,77
24.9,600.07,-5.29413,-1.690225,-50.678117,-54.940923,21.851,2.6,2.6,2.2,2.6,2.5,2.9,2.2,2.8,2.7,1.7,2.4,2.6,27.3,25.9,25,24.9,26.1,65,67,70,77
24.6,600.12,-2.423611,-1.501149,-57.118163,-61.128867,22.111,1.8,2.3,2.5,2.4,2.5,2.9,2.4,2.3,2.6,2.3,2.3,2.5,27.3,25.8,25,24.9,26.1,65,67,70,78
25,600.12,-2.423611,-1.501149,-57.118163,-61.128867,22.111,2.2,2.2,2.8,2.3,2.4,2.9,2.5,2.6,2.6,2,2.5,2.5,27.4,25.7,25.1,24.9,26.1,65,66,69,77
25.5,600.24,2.641335,-1.529797,-53.714793,-56.482179,22.184,3,2.4,2.9,2.8,2.5,2.9,3,2.8,2.6,3.1,2.7,2.5,27.5,25.8,25.2,25,26.4,63,66,69,76
24.9,600.24,2.641335,-1.529797,-53.714793,-56.482179,22.184,2.9,2.6,3.1,2.7,2.6,2.9,2.8,2.9,2.7,2.2,2.8,2.6,27.6,25.9,25.1,24.9,26.4,62,65,67,74
24.6,600.24,2.641335,-1.529797,-53.714793,-56.482179,22.184,3.3,2.8,3.5,3.1,2.7,2.9,3.3,3.2,2.8,2.8,2.9,2.7,27.5,25.8,25.1,24.9,26.2,59,64,67,75
25,600.08,-1.638659,-1.48969,-58.029165,-60.469966,22.21,2.2,2.6,2.3,2.8,2.7,2.9,2.7,3.1,2.9,2.8,3,2.8,27.4,25.7,24.8,24.7,26.1,60,65,66,70
25.5,600.08,-1.638659,-1.48969,-58.029165,-60.469966,22.21,2,2.5,2.1,2.5,2.6,2.9,2.4,2.7,2.8,2.4,2.8,2.8,27.5,25.5,24.8,24.7,26.1,61,62,60,62
24.9,600.08,-1.638659,-1.48969,-58.029165,-60.469966,22.21,1.7,2.1,2,2.1,2.5,2.6,2.2,2.2,2.7,2,2.3,2.6,27.5,25.6,25.1,25.1,26.1,57,58,62,69
24.6,600.09,-1.300614,-1.890761,-55.290427,-57.83436,22.068,1.6,1.8,2.8,2,2.4,2.6,2,2.1,2.5,2.1,2.3,2.6,27.5,25.9,25.2,25,26.3,57,62,64,70
25,600.09,-1.300614,-1.890761,-55.290427,-57.83436,22.068,2.5,2.2,2.3,2.4,2.4,2.6,1.8,2,2.4,2.5,2.3,2.5,27.5,25.9,25.2,25,26.3,58,60,65,71
24.9,600.09,-1.300614,-1.890761,-55.290427,-57.83436,22.068,1.9,2.4,2.8,2.7,2.5,2.6,3.2,2.3,2.4,2.8,2.4,2.5,27.6,26,25.2,25,26.4,56,60,64,69
24.6,600.09,-1.300614,-1.890761,-55.290427,-57.83436,22.068,2.5,2.2,2.4,2.5,2.5,2.6,2,2.5,2.5,1.6,2.4,2.5,27.6,26.2,25.3,24.9,26.5,56,60,62,65
25,600.08,0.27502,-1.375099,-53.989813,-55.175836,21.62,2.5,2.3,2.5,2.5,2.5,2.6,2.5,2.3,2.4,1.8,2,2.4,27.7,26.3,25.4,25.2,26.6,59,61,63,64
24.9,600.08,0.27502,-1.375099,-53.989813,-55.175836,21.62,1.3,1.9,1.6,2,2.4,2.6,2.4,2.2,2.4,3.3,2.1,2.3,27.8,26.3,25.5,25.3,26.8,61,61,65,70
24.6,600,1.879302,-1.438124,-56.396236,-59.662095,21.841,1.8,1.9,3.2,2.3,2.3,2.6,2.3,2.2,2.3,2,2.2,2.3,27.9,26.4,25.4,25.2,27,59,59,61,64
25,600,1.879302,-1.438124,-56.396236,-59.662095,21.841,2.5,2.2,2.8,2.7,2.4,2.6,3.3,2.8,2.5,3.2,2.9,2.5,27.9,26.4,25.4,25.3,27.1,54,56,58,61
24.9,600,1.879302,-1.438124,-56.396236,-59.662095,21.841,1.9,2.3,2.3,2.7,2.5,2.6,2.9,3,2.6,3.5,3.1,2.6,27.9,26.3,25.5,25.3,27,52,57,59,58
24.6,599.74,0.063025,-1.49542,-54.522664,-59.238106,21.644,1.6,2,2.9,2.6,2.5,2.6,2.3,2.6,2.6,1.5,2.7,2.6,27.9,26.4,25.5,25.2,27,54,57,59,56
25,599.74,0.063025,-1.49542,-54.522664,-59.238106,21.644,2.3,2.3,2.1,2.5,2.5,2.6,2.9,2.7,2.6,2.9,3,2.7,27.9,26.4,25.6,25.4,27,56,57,59,59
24.9,599.74,0.063025,-1.49542,-54.522664,-59.238106,21.644,2.3,2.3,3.3,2.7,2.5,2.6,2.1,2.1,2.5,2.9,2.7,2.6,27.9,26.4,25.7,25.4,26.8,58,58,63,63
24.6,600.04,-1.294885,-1.283425,-56.61396,-59.220918,21.624,2.5,2.3,3,2.7,2.6,2.6,2.9,2.9,2.6,2.9,3,2.8,28,26.3,25.6,25.3,26.6,57,57,62,62
25,600.04,-1.294885,-1.283425,-56.61396,-59.220918,21.624,1.9,2.2,2.7,2.6,2.6,2.6,1.6,2.4,2.5,2.5,2.9,2.8,28,26.4,25.5,25.3,26.6,55,56,57,54
24.9,600.04,-1.294885,-1.283425,-56.61396,-59.220918,21.624,2.7,2.2,2.3,2.6,2.5,2.6,1.6,2,2.4,2.3,2.3,2.6,28.1,26.4,25.6,25.5,26.8,56,56,61,60
24.6,599.91,-1.472502,-2.223076,-58.791199,-61.810687,20.791,2.9,2.8,3.1,2.7,2.6,2.6,3,2.4,2.4,2.9,2.3,2.6,28.2,26.5,25.6,25.5,26.9,55,58,61,62
25,599.97,-1.277696,-2.160051,-59.656366,-62.698772,21.024,2.2,2.7,2.3,2.9,2.7,2.7,3.6,3,2.6,3.5,2.8,2.7,28.2,26.3,25.4,25.3,26.7,54,58,62,63
24.9,600.12,-0.842248,-2.687172,-57.885926,-60.8252,21.058,2.6,2.6,2.8,2.8,2.7,2.7,3.3,3.3,2.7,3.6,3.1,2.8,28.1,26.2,25.5,25.3,26.7,52,58,62,63
24.6,599.86,-0.727656,-2.72155,-57.605177,-61.077301,21.031,2.4,2.3,3.1,2.6,2.6,2.7,2.9,3.2,2.8,2.7,3.2,2.9,28.1,26.3,25.5,25.4,27,53,59,62,64
25,599.93,-0.446907,-2.389234,-57.656743,-60.034518,20.935,2.4,2.4,2.9,2.5,2.6,2.7,2.9,2.7,2.8,1.9,2.6,2.8,28.1,26.4,25.5,25.3,27,56,60,61,62
24.9,599.98,4.761279,-1.552716,118.040765,121.346731,25.697,3.1,3,3.6,3.1,2.8,2.8,3.3,2.7,2.7,3.3,2.5,2.7,28.1,26.3,25.4,25.3,26.8,54,57,61,62
24.6,599.98,4.761279,-1.552716,118.040765,121.346731,25.697,2,2.7,2.8,3,2.8,2.8,2.9,2.9,2.8,2.6,2.9,2.8,28,26.3,25.5,25.4,26.9,52,57,61,62
25,599.97,-3.12262,-0.756304,119.650776,122.206168,25.66,3.2,2.7,3,2.8,2.8,2.8,3.3,3.1,2.9,2.3,2.9,2.8,28.1,26.2,25.4,25.3,26.9,56,60,64,65
24.9,599.97,-3.12262,-0.756304,119.650776,122.206168,25.66,1.7,2.3,2.6,2.5,2.7,2.8,2.4,2.8,2.8,2.2,2.7,2.8,28,26,25.4,25.2,26.6,55,56,58,60
24.6,599.97,-3.12262,-0.756304,119.650776,122.206168,25.66,1.8,2.1,2.3,2.3,2.6,2.8,2,2.2,2.7,1.9,2.2,2.6,28,26.3,25.6,25.3,26.7,53,58,62,64
25,599.92,2.755927,-0.974028,120.739396,122.05147,25.888,2.9,2.4,3.3,2.5,2.6,2.8,3.6,3,2.8,3.3,2.6,2.6,28,26.4,25.6,25.4,26.9,56,59,62,63
24.9,599.92,2.755927,-0.974028,120.739396,122.05147,25.888,2.6,2.8,3,3.1,2.8,2.8,2.9,3.2,2.9,2.9,2.9,2.7,28.1,26.4,25.6,25.5,26.8,55,56,59,60
24.6,599.92,2.755927,-0.974028,120.739396,122.05147,25.888,2.9,2.7,2.7,2.8,2.7,2.8,2.2,2.7,2.8,2.9,2.8,2.7,28.1,26.3,25.5,25.4,26.7,54,56,58,59
25,600.08,2.526744,-1.048513,122.234816,122.355137,25.796,2.5,2.9,3.5,3,2.8,2.8,3.4,2.9,2.8,3.1,2.8,2.7,28,26.2,25.5,25.4,26.6,50,56,58,59
24.9,600.08,2.526744,-1.048513,122.234816,122.355137,25.796,2.6,2.5,3.6,3,2.8,2.8,3,3.1,2.9,3,2.9,2.8,27.9,26.1,25.5,25.4,26.6,51,56,58,59
24.7,600.08,2.526744,-1.048513,122.234816,122.355137,25.796,1.9,2.4,2.7,2.9,2.8,2.9,2.8,2.9,2.9,3.4,2.9,2.8,27.9,26.2,25.5,25.3,26.8,51,56,60,63
25,600.04,-2.223076,-1.575634,120.68783,121.489971,25.988,2.1,2.4,3.5,2.9,2.8,2.9,3.5,3.1,2.9,3.2,3.2,2.9,27.9,26.1,25.5,25.3,26.7,51,56,60,61
24.9,600.04,-2.223076,-1.575634,120.68783,121.489971,25.988,2,2.6,2.7,2.8,2.8,2.9,2.7,3,2.9,3.4,3.1,2.9,27.9,26.2,25.5,25.4,26.7,51,56,58,60
24.7,600.04,-2.223076,-1.575634,120.68783,121.489971,25.988,2.8,2.9,3,3,2.9,2.9,2.3,2.3,2.8,2.6,2.7,2.8,27.8,26.2,25.5,25.3,26.9,52,55,59,61
25,600.04,-2.223076,-1.575634,120.68783,121.489971,25.988,2.9,2.9,3.3,2.9,2.9,2.9,2.5,2.2,2.6,2.9,2.2,2.7,27.9,26.2,25.6,25.3,26.9,52,55,59,59
24.9,599.78,-1.879302,-1.300614,121.243599,121.976985,25.472,3.4,3.4,3,3.5,3.1,3.1,2.6,2.8,2.7,3.4,2.7,2.7,27.9,26.3,25.5,25.4,26.8,51,53,56,57
24.7,599.78,-1.879302,-1.300614,121.243599,121.976985,25.472,3.1,2.9,3.2,3,3,3.1,3.6,3.3,2.9,3.5,3.2,2.8,27.8,26.3,25.6,25.5,26.9,51,52,55,57
25,599.78,-1.879302,-1.300614,121.243599,121.976985,25.472,2.8,3,3.1,3,3,3.1,2.9,3.3,3,2.9,3.3,2.9,27.9,26.4,25.6,25.5,26.8,51,54,57,58
24.9,600.04,2.337668,-1.174563,118.848635,119.375757,25.475,3.5,3.1,3.1,3.1,2.9,2.9,2.4,3,3.1,3.1,3.1,3,27.5,25.7,25,24.8,25.9,64,68,71,79
24.7,599.97,-0.366693,-0.492744,122.876529,124.039633,25.841,1.9,2.4,1.8,2.5,2.8,2.9,1.8,2.6,2.9,2.3,2.9,3,27.4,25.8,25,24.8,26.1,64,69,72,80
25,600.11,-1.117268,-0.81933,117.633965,119.627858,26.021,1.9,1.9,3.2,2.4,2.7,2.9,3.1,2.8,2.9,3,2.6,2.9,27.4,25.9,25,24.9,26.3,66,70,72,80
24.9,599.86,-1.678766,-2.669983,-57.078056,-59.616259,21.065,2,2,2.2,2.5,2.7,2.9,2.3,2.6,2.9,3.1,2.7,2.8,27.4,25.9,25,24.8,26.2,65,69,71,79
24.7,599.97,-0.27502,-2.612688,-59.197999,-61.438264,20.791,2.4,2.6,2.9,2.7,2.7,2.9,2.4,2.6,2.8,3,2.8,2.9,27.3,25.8,25,24.7,26.1,66,69,72,79
25,599.94,-0.378152,-2.98511,-58.080732,-61.002816,20.617,1.1,1.8,1.5,2.4,2.6,2.9,2.5,2.8,2.8,3,2.9,2.9,27.3,25.7,24.8,24.6,26,65,67,67,74
24.9,600.07,-0.458366,-2.515285,-57.353075,-60.120461,21.1,1.8,1.6,2.1,2.2,2.5,2.9,2,2.2,2.6,3.2,2.7,2.8,27.2,25.7,25,24.9,26,65,68,70,76
24.7,599.95,4.967544,-0.767763,120.017469,121.518619,25.699,1.7,1.6,1.6,1.9,2.4,2.9,2.4,2.2,2.6,2.1,2.8,2.8,27.2,25.7,25.1,25,26.2,64,67,71,79
25,599.95,4.967544,-0.767763,120.017469,121.518619,25.699,2.1,1.8,2.1,1.9,2.3,2.9,2,2.2,2.5,1.5,2.3,2.7,27.2,25.9,25.1,24.9,26.4,63,67,71,79
24.9,599.95,4.967544,-0.767763,120.017469,121.518619,25.699,1.6,2,1.5,2,2.3,2.9,2,2.2,2.5,2,2.2,2.6,27.3,26,25,24.8,26.3,65,67,70,78
24.6,599.95,4.967544,-0.767763,120.017469,121.518619,25.699,3.1,2.1,2.9,2,2.2,2.9,2.1,2,2.4,2.9,2.5,2.6,27.2,26.1,25.1,24.9,26.4,64,67,70,78
25,600.14,-5.047758,-1.478231,121.828016,123.581267,25.455,3.1,2.7,2.5,2.7,2.4,2.9,3.1,2.6,2.5,3.2,2.4,2.5,27.3,26,25.1,24.9,26.4,65,65,70,77
24.9,600.01,-0.991217,-2.681442,-57.461937,-60.624664,20.954,1.9,2.7,2.4,2.4,2.4,2.9,2.9,2.9,2.6,2.5,2.6,2.6,27.3,25.9,25,24.8,26.2,63,63,69,75
24.5,600.12,-0.979758,-2.57831,-57.69685,-61.077301,20.71,2.4,2.4,3.5,2.9,2.5,2.9,2.5,3,2.6,2.4,2.6,2.6,27.3,25.9,25,24.9,26.1,62,66,70,77
25,600.07,-1.289155,-2.824682,-57.312968,-60.521532,20.935,2.6,2.6,2.2,2.6,2.5,2.9,2.2,2.8,2.7,1.7,2.4,2.6,27.3,25.9,25,24.9,26.1,65,67,70,77
24.9,600.04,-0.95111,-2.796034,-57.622365,-61.346591,20.918,1.8,2.3,2.5,2.4,2.5,2.9,2.4,2.3,2.6,2.3,2.3,2.5,27.3,25.8,25,24.9,26.1,65,67,70,78
24.6,599.91,-1.260507,-0.733386,119.490348,121.449864,25.614,2.2,2.2,2.8,2.3,2.4,2.9,2.5,2.6,2.6,2,2.5,2.5,27.4,25.7,25.1,24.9,26.1,65,66,69,77
25,599.91,-1.260507,-0.733386,119.490348,121.449864,25.614,3,2.4,2.9,2.8,2.5,2.9,3,2.8,2.6,3.1,2.7,2.5,27.5,25.8,25.2,25,26.4,63,66,69,76
24.9,599.91,-1.260507,-0.733386,119.490348,121.449864,25.614,2.9,2.6,3.1,2.7,2.6,2.9,2.8,2.9,2.7,2.2,2.8,2.6,27.6,25.9,25.1,24.9,26.4,62,65,67,74
24.6,599.91,-1.260507,-0.733386,119.490348,121.449864,25.614,3.3,2.8,3.5,3.1,2.7,2.9,3.3,3.2,2.8,2.8,2.9,2.7,27.5,25.8,25.1,24.9,26.2,59,64,67,75
25,599.99,0.796411,-1.300614,-56.780117,-60.212135,21.558,2.2,2.6,2.3,2.8,2.7,2.9,2.7,3.1,2.9,2.8,3,2.8,27.4,25.7,24.8,24.7,26.1,60,65,66,70
24.9,599.99,0.796411,-1.300614,-56.780117,-60.212135,21.558,2,2.5,2.1,2.5,2.6,2.9,2.4,2.7,2.8,2.4,2.8,2.8,27.5,25.5,24.8,24.7,26.1,61,62,60,62
24.7,599.99,0.796411,-1.300614,-56.780117,-60.212135,21.558,1.7,2.1,2,2.1,2.5,2.6,2.2,2.2,2.7,2,2.3,2.6,27.5,25.6,25.1,25.1,26.1,57,58,62,69
25,599.88,-2.624147,-0.687549,-57.553611,-62.051329,21.842,1.6,1.8,2.8,2,2.4,2.6,2,2.1,2.5,2.1,2.3,2.6,27.5,25.9,25.2,25,26.3,57,62,64,70
24.9,599.88,-2.624147,-0.687549,-57.553611,-62.051329,21.842,2.5,2.2,2.3,2.4,2.4,2.6,1.8,2,2.4,2.5,2.3,2.5,27.5,25.9,25.2,25,26.3,58,60,65,71
24.6,600.09,-0.27502,-1.294885,-52.248021,-57.679661,21.714,1.9,2.4,2.8,2.7,2.5,2.6,3.2,2.3,2.4,2.8,2.4,2.5,27.6,26,25.2,25,26.4,56,60,64,69
25,600.09,-0.27502,-1.294885,-52.248021,-57.679661,21.714,2.5,2.2,2.4,2.5,2.5,2.6,2,2.5,2.5,1.6,2.4,2.5,27.6,26.2,25.3,24.9,26.5,56,60,62,65
24.9,600.04,2.205888,-0.721927,-55.720146,-61.037194,21.731,2.5,2.3,2.5,2.5,2.5,2.6,2.5,2.3,2.4,1.8,2,2.4,27.7,26.3,25.4,25.2,26.6,59,61,63,64
24.6,600.04,2.205888,-0.721927,-55.720146,-61.037194,21.731,1.3,1.9,1.6,2,2.4,2.6,2.4,2.2,2.4,3.3,2.1,2.3,27.8,26.3,25.5,25.3,26.8,61,61,65,70
25,599.92,-1.071431,-1.409476,-51.732359,-56.722822,21.989,1.8,1.9,3.2,2.3,2.3,2.6,2.3,2.2,2.3,2,2.2,2.3,27.9,26.4,25.4,25.2,27,59,59,61,64
24.9,599.92,-1.071431,-1.409476,-51.732359,-56.722822,21.989,2.5,2.2,2.8,2.7,2.4,2.6,3.3,2.8,2.5,3.2,2.9,2.5,27.9,26.4,25.4,25.3,27.1,54,56,58,61
24.6,599.92,-1.071431,-1.409476,-51.732359,-56.722822,21.989,1.9,2.3,2.3,2.7,2.5,2.6,2.9,3,2.6,3.5,3.1,2.6,27.9,26.3,25.5,25.3,27,52,57,59,58
25,600.27,3.208564,-1.134456,-53.514258,-59.713661,21.866,1.6,2,2.9,2.6,2.5,2.6,2.3,2.6,2.6,1.5,2.7,2.6,27.9,26.4,25.5,25.2,27,54,57,59,56
24.9,600.04,-5.380074,-1.157375,-53.806467,-58.160946,21.727,2.3,2.3,2.1,2.5,2.5,2.6,2.9,2.7,2.6,2.9,3,2.7,27.9,26.4,25.6,25.4,27,56,57,59,59
24.6,600.04,-5.380074,-1.157375,-53.806467,-58.160946,21.727,2.3,2.3,3.3,2.7,2.5,2.6,2.1,2.1,2.5,2.9,2.7,2.6,27.9,26.4,25.7,25.4,26.8,58,58,63,63
25,600.04,-5.380074,-1.157375,-53.806467,-58.160946,21.727,2.5,2.3,3,2.7,2.6,2.6,2.9,2.9,2.6,2.9,3,2.8,28,26.3,25.6,25.3,26.6,57,57,62,62
24.9,600.17,1.610011,-0.790682,-55.52534,-60.303808,21.613,1.9,2.2,2.7,2.6,2.6,2.6,1.6,2.4,2.5,2.5,2.9,2.8,28,26.4,25.5,25.3,26.6,55,56,57,54
24.6,600.17,1.610011,-0.790682,-55.52534,-60.303808,21.613,2.7,2.2,2.3,2.6,2.5,2.6,1.6,2,2.4,2.3,2.3,2.6,28.1,26.4,25.6,25.5,26.8,56,56,61,60
25,600.15,-4.463341,-1.002676,-58.252619,-61.810687,22.044,2.9,2.8,3.1,2.7,2.6,2.6,3,2.4,2.4,2.9,2.3,2.6,28.2,26.5,25.6,25.5,26.9,55,58,61,62
25,600.15,-4.463341,-1.002676,-58.252619,-61.810687,22.044,2.2,2.7,2.3,2.9,2.7,2.7,3.6,3,2.6,3.5,2.8,2.7,28.2,26.3,25.4,25.3,26.7,54,58,62,63
24.5,600.12,-2.532473,-1.025594,-57.204106,-60.068895,21.938,2.6,2.6,2.8,2.8,2.7,2.7,3.3,3.3,2.7,3.6,3.1,2.8,28.1,26.2,25.5,25.3,26.7,52,58,62,63
25,600.12,-2.532473,-1.025594,-57.204106,-60.068895,21.938,2.4,2.3,3.1,2.6,2.6,2.7,2.9,3.2,2.8,2.7,3.2,2.9,28.1,26.3,25.5,25.4,27,53,59,62,64
24.9,600.17,1.610011,-0.790682,-55.52534,-60.303808,21.613,2.4,2.4,2.9,2.5,2.6,2.7,2.9,2.7,2.8,1.9,2.6,2.8,28.1,26.4,25.5,25.3,27,56,60,61,62
24.5,600.17,1.610011,-0.790682,-55.52534,-60.303808,21.613,3.1,3,3.6,3.1,2.8,2.8,3.3,2.7,2.7,3.3,2.5,2.7,28.1,26.3,25.4,25.3,26.8,54,57,61,62
25,600.15,-4.463341,-1.002676,-58.252619,-61.810687,22.044,2,2.7,2.8,3,2.8,2.8,2.9,2.9,2.8,2.6,2.9,2.8,28,26.3,25.5,25.4,26.9,52,57,61,62
24.9,600.15,-4.463341,-1.002676,-58.252619,-61.810687,22.044,3.2,2.7,3,2.8,2.8,2.8,3.3,3.1,2.9,2.3,2.9,2.8,28.1,26.2,25.4,25.3,26.9,56,60,64,65
24.7,600.12,-2.532473,-1.025594,-57.204106,-60.068895,21.938,1.7,2.3,2.6,2.5,2.7,2.8,2.4,2.8,2.8,2.2,2.7,2.8,28,26,25.4,25.2,26.6,55,56,58,60
25,600.12,-2.532473,-1.025594,-57.204106,-60.068895,21.938,1.8,2.1,2.3,2.3,2.6,2.8,2,2.2,2.7,1.9,2.2,2.6,28,26.3,25.6,25.3,26.7,53,58,62,64
25,599.97,-0.27502,-2.612688,-59.197999,-61.438264,20.791,2.9,2.4,3.3,2.5,2.6,2.8,3.6,3,2.8,3.3,2.6,2.6,28,26.4,25.6,25.4,26.9,56,59,62,63
24.7,599.94,-0.378152,-2.98511,-58.080732,-61.002816,20.617,2.6,2.8,3,3.1,2.8,2.8,2.9,3.2,2.9,2.9,2.9,2.7,28.1,26.4,25.6,25.5,26.8,55,56,59,60
25,600.07,-0.458366,-2.515285,-57.353075,-60.120461,21.1,2.9,2.7,2.7,2.8,2.7,2.8,2.2,2.7,2.8,2.9,2.8,2.7,28.1,26.3,25.5,25.4,26.7,54,56,58,59
25,599.95,4.967544,-0.767763,120.017469,121.518619,25.699,2.5,2.9,3.5,3,2.8,2.8,3.4,2.9,2.8,3.1,2.8,2.7,28,26.2,25.5,25.4,26.6,50,56,58,59
24.6,599.95,4.967544,-0.767763,120.017469,121.518619,25.699,2.6,2.5,3.6,3,2.8,2.8,3,3.1,2.9,3,2.9,2.8,27.9,26.1,25.5,25.4,26.6,51,56,58,59
25,599.95,4.967544,-0.767763,120.017469,121.518619,25.699,1.9,2.4,2.7,2.9,2.8,2.9,2.8,2.9,2.9,3.4,2.9,2.8,27.9,26.2,25.5,25.3,26.8,51,56,60,63
25,599.95,4.967544,-0.767763,120.017469,121.518619,25.699,2.1,2.4,3.5,2.9,2.8,2.9,3.5,3.1,2.9,3.2,3.2,2.9,27.9,26.1,25.5,25.3,26.7,51,56,60,61
24.7,600.14,-5.047758,-1.478231,121.828016,123.581267,25.455,2,2.6,2.7,2.8,2.8,2.9,2.7,3,2.9,3.4,3.1,2.9,27.9,26.2,25.5,25.4,26.7,51,56,58,60
25,600.01,-0.991217,-2.681442,-57.461937,-60.624664,20.954,2.8,2.9,3,3,2.9,2.9,2.3,2.3,2.8,2.6,2.7,2.8,27.8,26.2,25.5,25.3,26.9,52,55,59,61
25,600.12,-0.979758,-2.57831,-57.69685,-61.077301,20.71,2.9,2.9,3.3,2.9,2.9,2.9,2.5,2.2,2.6,2.9,2.2,2.7,27.9,26.2,25.6,25.3,26.9,52,55,59,59
24.5,600.07,-1.289155,-2.824682,-57.312968,-60.521532,20.935,3.4,3.4,3,3.5,3.1,3.1,2.6,2.8,2.7,3.4,2.7,2.7,27.9,26.3,25.5,25.4,26.8,51,53,56,57
25,600.04,-0.95111,-2.796034,-57.622365,-61.346591,20.918,3.1,2.9,3.2,3,3,3.1,3.6,3.3,2.9,3.5,3.2,2.8,27.8,26.3,25.6,25.5,26.9,51,52,55,57
25,599.91,-1.260507,-0.733386,119.490348,121.449864,25.614,2.8,3,3.1,3,3,3.1,2.9,3.3,3,2.9,3.3,2.9,27.9,26.4,25.6,25.5,26.8,51,54,57,58
